img name,tumor type
benign (1),0
benign (10),0
benign (100),0
benign (101),0
benign (102),0
benign (103),0
benign (104),0
benign (105),0
benign (106),0
benign (107),0
benign (108),0
benign (109),0
benign (11),0
benign (110),0
benign (111),0
benign (112),0
benign (113),0
benign (114),0
benign (115),0
benign (116),0
benign (117),0
benign (118),0
benign (119),0
benign (12),0
benign (120),0
benign (121),0
benign (122),0
benign (123),0
benign (124),0
benign (125),0
benign (126),0
benign (127),0
benign (128),0
benign (129),0
benign (13),0
benign (130),0
benign (131),0
benign (132),0
benign (133),0
benign (134),0
benign (135),0
benign (136),0
benign (137),0
benign (138),0
benign (139),0
benign (14),0
benign (140),0
benign (141),0
benign (142),0
benign (143),0
benign (144),0
benign (145),0
benign (146),0
benign (147),0
benign (148),0
benign (149),0
benign (15),0
benign (150),0
benign (151),0
benign (152),0
benign (153),0
benign (154),0
benign (155),0
benign (156),0
benign (157),0
benign (158),0
benign (159),0
benign (16),0
benign (160),0
benign (161),0
benign (162),0
benign (163),0
benign (164),0
benign (165),0
benign (166),0
benign (167),0
benign (168),0
benign (169),0
benign (17),0
benign (170),0
benign (171),0
benign (172),0
benign (173),0
benign (174),0
benign (175),0
benign (176),0
benign (177),0
benign (178),0
benign (179),0
benign (18),0
benign (180),0
benign (181),0
benign (182),0
benign (183),0
benign (184),0
benign (185),0
benign (186),0
benign (187),0
benign (188),0
benign (189),0
benign (19),0
benign (190),0
benign (191),0
benign (192),0
benign (193),0
benign (194),0
benign (195),0
benign (196),0
benign (197),0
benign (198),0
benign (199),0
benign (2),0
benign (20),0
benign (200),0
benign (201),0
benign (202),0
benign (203),0
benign (204),0
benign (205),0
benign (206),0
benign (207),0
benign (208),0
benign (209),0
benign (21),0
benign (210),0
benign (211),0
benign (212),0
benign (213),0
benign (214),0
benign (215),0
benign (216),0
benign (217),0
benign (218),0
benign (219),0
benign (22),0
benign (220),0
benign (221),0
benign (222),0
benign (223),0
benign (224),0
benign (225),0
benign (226),0
benign (227),0
benign (228),0
benign (229),0
benign (23),0
benign (230),0
benign (231),0
benign (232),0
benign (233),0
benign (234),0
benign (235),0
benign (236),0
benign (237),0
benign (238),0
benign (239),0
benign (24),0
benign (240),0
benign (241),0
benign (242),0
benign (243),0
benign (244),0
benign (245),0
benign (246),0
benign (247),0
benign (248),0
benign (249),0
benign (25),0
benign (250),0
benign (251),0
benign (252),0
benign (253),0
benign (254),0
benign (255),0
benign (256),0
benign (257),0
benign (258),0
benign (259),0
benign (26),0
benign (260),0
benign (261),0
benign (262),0
benign (263),0
benign (264),0
benign (265),0
benign (266),0
benign (267),0
benign (268),0
benign (269),0
benign (27),0
benign (270),0
benign (271),0
benign (272),0
benign (273),0
benign (274),0
benign (275),0
benign (276),0
benign (277),0
benign (278),0
benign (279),0
benign (28),0
benign (280),0
benign (281),0
benign (282),0
benign (283),0
benign (284),0
benign (285),0
benign (286),0
benign (287),0
benign (288),0
benign (289),0
benign (29),0
benign (290),0
benign (291),0
benign (292),0
benign (293),0
benign (294),0
benign (295),0
benign (296),0
benign (297),0
benign (298),0
benign (299),0
benign (3),0
benign (30),0
benign (300),0
benign (301),0
benign (302),0
benign (303),0
benign (304),0
benign (305),0
benign (306),0
benign (307),0
benign (308),0
benign (309),0
benign (31),0
benign (310),0
benign (311),0
benign (312),0
benign (313),0
benign (314),0
benign (315),0
benign (316),0
benign (317),0
benign (318),0
benign (319),0
benign (32),0
benign (320),0
benign (321),0
benign (322),0
benign (323),0
benign (324),0
benign (325),0
benign (326),0
benign (327),0
benign (328),0
benign (329),0
benign (33),0
benign (330),0
benign (331),0
benign (332),0
benign (333),0
benign (334),0
benign (335),0
benign (336),0
benign (337),0
benign (338),0
benign (339),0
benign (34),0
benign (340),0
benign (341),0
benign (342),0
benign (343),0
benign (344),0
benign (345),0
benign (346),0
benign (347),0
benign (348),0
benign (349),0
benign (35),0
benign (350),0
benign (351),0
benign (352),0
benign (353),0
benign (354),0
benign (355),0
benign (356),0
benign (357),0
benign (358),0
benign (359),0
benign (36),0
benign (360),0
benign (361),0
benign (362),0
benign (363),0
benign (364),0
benign (365),0
benign (366),0
benign (367),0
benign (368),0
benign (369),0
benign (37),0
benign (370),0
benign (371),0
benign (372),0
benign (373),0
benign (374),0
benign (375),0
benign (376),0
benign (377),0
benign (378),0
benign (379),0
benign (38),0
benign (380),0
benign (381),0
benign (382),0
benign (383),0
benign (384),0
benign (385),0
benign (386),0
benign (387),0
benign (388),0
benign (389),0
benign (39),0
benign (390),0
benign (391),0
benign (392),0
benign (393),0
benign (394),0
benign (395),0
benign (396),0
benign (397),0
benign (398),0
benign (399),0
benign (4),0
benign (40),0
benign (400),0
benign (401),0
benign (402),0
benign (403),0
benign (404),0
benign (405),0
benign (406),0
benign (407),0
benign (408),0
benign (409),0
benign (41),0
benign (410),0
benign (411),0
benign (412),0
benign (413),0
benign (414),0
benign (415),0
benign (416),0
benign (417),0
benign (418),0
benign (419),0
benign (42),0
benign (420),0
benign (421),0
benign (422),0
benign (423),0
benign (424),0
benign (425),0
benign (426),0
benign (427),0
benign (428),0
benign (429),0
benign (43),0
benign (430),0
benign (431),0
benign (432),0
benign (433),0
benign (434),0
benign (435),0
benign (436),0
benign (437),0
benign (44),0
benign (45),0
benign (46),0
benign (47),0
benign (48),0
benign (49),0
benign (5),0
benign (50),0
benign (51),0
benign (52),0
benign (53),0
benign (54),0
benign (55),0
benign (56),0
benign (57),0
benign (58),0
benign (59),0
benign (6),0
benign (60),0
benign (61),0
benign (62),0
benign (63),0
benign (64),0
benign (65),0
benign (66),0
benign (67),0
benign (68),0
benign (69),0
benign (7),0
benign (70),0
benign (71),0
benign (72),0
benign (73),0
benign (74),0
benign (75),0
benign (76),0
benign (77),0
benign (78),0
benign (79),0
benign (8),0
benign (80),0
benign (81),0
benign (82),0
benign (83),0
benign (84),0
benign (85),0
benign (86),0
benign (87),0
benign (88),0
benign (89),0
benign (9),0
benign (90),0
benign (91),0
benign (92),0
benign (93),0
benign (94),0
benign (95),0
benign (96),0
benign (97),0
benign (98),0
benign (99),0
malignant (1),1
malignant (10),1
malignant (100),1
malignant (101),1
malignant (102),1
malignant (103),1
malignant (104),1
malignant (105),1
malignant (106),1
malignant (107),1
malignant (108),1
malignant (109),1
malignant (11),1
malignant (110),1
malignant (111),1
malignant (112),1
malignant (113),1
malignant (114),1
malignant (115),1
malignant (116),1
malignant (117),1
malignant (118),1
malignant (119),1
malignant (12),1
malignant (120),1
malignant (121),1
malignant (122),1
malignant (123),1
malignant (124),1
malignant (125),1
malignant (126),1
malignant (127),1
malignant (128),1
malignant (129),1
malignant (13),1
malignant (130),1
malignant (131),1
malignant (132),1
malignant (133),1
malignant (134),1
malignant (135),1
malignant (136),1
malignant (137),1
malignant (138),1
malignant (139),1
malignant (14),1
malignant (140),1
malignant (141),1
malignant (142),1
malignant (143),1
malignant (144),1
malignant (145),1
malignant (146),1
malignant (147),1
malignant (148),1
malignant (149),1
malignant (15),1
malignant (150),1
malignant (151),1
malignant (152),1
malignant (153),1
malignant (154),1
malignant (155),1
malignant (156),1
malignant (157),1
malignant (158),1
malignant (159),1
malignant (16),1
malignant (160),1
malignant (161),1
malignant (162),1
malignant (163),1
malignant (164),1
malignant (165),1
malignant (166),1
malignant (167),1
malignant (168),1
malignant (169),1
malignant (17),1
malignant (170),1
malignant (171),1
malignant (172),1
malignant (173),1
malignant (174),1
malignant (175),1
malignant (176),1
malignant (177),1
malignant (178),1
malignant (179),1
malignant (18),1
malignant (180),1
malignant (181),1
malignant (182),1
malignant (183),1
malignant (184),1
malignant (185),1
malignant (186),1
malignant (187),1
malignant (188),1
malignant (189),1
malignant (19),1
malignant (190),1
malignant (191),1
malignant (192),1
malignant (193),1
malignant (194),1
malignant (195),1
malignant (196),1
malignant (197),1
malignant (198),1
malignant (199),1
malignant (2),1
malignant (20),1
malignant (200),1
malignant (201),1
malignant (202),1
malignant (203),1
malignant (204),1
malignant (205),1
malignant (206),1
malignant (207),1
malignant (208),1
malignant (209),1
malignant (21),1
malignant (210),1
malignant (22),1
malignant (23),1
malignant (24),1
malignant (25),1
malignant (26),1
malignant (27),1
malignant (28),1
malignant (29),1
malignant (3),1
malignant (30),1
malignant (31),1
malignant (32),1
malignant (33),1
malignant (34),1
malignant (35),1
malignant (36),1
malignant (37),1
malignant (38),1
malignant (39),1
malignant (4),1
malignant (40),1
malignant (41),1
malignant (42),1
malignant (43),1
malignant (44),1
malignant (45),1
malignant (46),1
malignant (47),1
malignant (48),1
malignant (49),1
malignant (5),1
malignant (50),1
malignant (51),1
malignant (52),1
malignant (53),1
malignant (54),1
malignant (55),1
malignant (56),1
malignant (57),1
malignant (58),1
malignant (59),1
malignant (6),1
malignant (60),1
malignant (61),1
malignant (62),1
malignant (63),1
malignant (64),1
malignant (65),1
malignant (66),1
malignant (67),1
malignant (68),1
malignant (69),1
malignant (7),1
malignant (70),1
malignant (71),1
malignant (72),1
malignant (73),1
malignant (74),1
malignant (75),1
malignant (76),1
malignant (77),1
malignant (78),1
malignant (79),1
malignant (8),1
malignant (80),1
malignant (81),1
malignant (82),1
malignant (83),1
malignant (84),1
malignant (85),1
malignant (86),1
malignant (87),1
malignant (88),1
malignant (89),1
malignant (9),1
malignant (90),1
malignant (91),1
malignant (92),1
malignant (93),1
malignant (94),1
malignant (95),1
malignant (96),1
malignant (97),1
malignant (98),1
malignant (99),1
