,img name,tumor types
0,11137,1
1,11138,1
2,case0509,0
3,benign (190),0
4,malignant (90),1
5,Case-92-U-1,0
6,34823-Afbeelding1,1
7,34825-Afbeelding3,1
8,34826-Afbeelding4,1
9,34824-Afbeelding2,1
10,Case-81-U-97-0,0
11,benign (284),0
12,67213-Afbeelding1,0
13,67214-Afbeelding2,0
14,67217-Afbeelding5,0
15,67218-Afbeelding6,0
16,67219-Afbeelding7,0
17,49669-Afbeelding1,1
18,49670-Afbeelding2,1
19,49674-Afbeelding6,1
20,49675-Afbeelding7,1
21,49676-Afbeelding8,1
22,49671-Afbeelding3,1
23,49672-Afbeelding4,1
24,49673-Afbeelding5,1
25,Case-51-U-62-0,0
26,malignant (202),1
27,case0193,1
28,malignant (206),1
29,case0387,1
30,benign (59),0
31,5753,1
32,malignant (10),1
33,benign (52),0
34,case0183,1
35,case0061,0
36,benign (301),0
37,benign (271),0
38,case0560,1
39,000002,0
40,case0421,1
41,Case-182-U4,0
42,Case-180-U4,0
43,benign (93),0
44,malignant (17),1
45,44878-Afbeelding1,1
46,44879-Afbeelding2,1
47,44880-Afbeelding3,1
48,000092,0
49,case0169,1
50,benign (245),0
51,benign (389),0
52,benign (202),0
53,58027-Afbeelding1,0
54,58028-Afbeelding2,0
55,58030-Afbeelding4,0
56,58033-Afbeelding7,0
57,58029-Afbeelding3,0
58,benign (263),0
59,benign (136),0
60,benign (44),0
61,benign (309),0
62,case0403,0
63,benign (416),0
64,26557,0
65,26558,0
66,26561,0
67,26562,0
68,case0310,0
69,case0266,1
70,case0359,0
71,Case-273-U1,1
72,case0041,0
73,51145-Afbeelding1,1
74,51149-Afbeelding5,1
75,51151-Afbeelding7,1
76,51153-Afbeelding9,1
77,51154-Afbeelding10,1
78,51157-Afbeelding13,1
79,51158-Afbeelding14,1
80,51150-Afbeelding6,1
81,Case-175-U4,0
82,56474-Afbeelding1,0
83,56476-Afbeelding3,0
84,56478-Afbeelding5,0
85,56479-Afbeelding6,0
86,56475-Afbeelding2,0
87,56477-Afbeelding4,0
88,case0362,0
89,malignant (13),1
90,case0317,0
91,23672,1
92,23673,1
93,23674,1
94,23675,1
95,000077,0
96,case0244,1
97,malignant (132),1
98,case0424,1
99,benign (428),0
100,39396-Afbeelding1,1
101,39397-Afbeelding2,1
102,39398-Afbeelding3,1
103,39399-Afbeelding4,1
104,39400-Afbeelding5,1
105,39401-Afbeelding6,1
106,39402-Afbeelding7,1
107,15408,1
108,15409,1
109,15410,1
110,case0533,0
111,malignant (72),1
112,case0294,0
113,case0102,0
114,benign (373),0
115,benign (418),0
116,case0550,0
117,56620-Afbeelding4,0
118,56621-Afbeelding5,0
119,56622-Afbeelding6,0
120,56617-Afbeelding1,0
121,5503,0
122,5504,0
123,5505,0
124,5506,0
125,case0200,1
126,case0321,1
127,benign (331),0
128,benign (10),0
129,benign (218),0
130,47485-Afbeelding1,1
131,47487-Afbeelding3,1
132,47488-Afbeelding4,1
133,malignant (139),1
134,000147,1
135,case0354,0
136,000031,1
137,case0239,1
138,benign (233),0
139,benign (273),0
140,000040,0
141,case0286,0
142,case0466,1
143,benign (81),0
144,Case-206-U4,0
145,61497-Afbeelding2,0
146,61498-Afbeelding3,0
147,61499-Afbeelding4,0
148,61500-Afbeelding5,0
149,case0438,0
150,case0439,0
151,case0082,0
152,case0020,0
153,benign (304),0
154,Case-147-U2,1
155,Case-62-U-73-1,0
156,case0136,1
157,51125-Afbeelding2,1
158,51124-Afbeelding1,1
159,malignant (24),1
160,malignant (131),1
161,case0108,0
162,50163-Afbeelding1,1
163,50164-Afbeelding2,1
164,50165-Afbeelding3,1
165,50166-Afbeelding4,1
166,50167-Afbeelding5,1
167,50168-Afbeelding6,1
168,benign (435),0
169,benign (148),0
170,case0109,0
171,benign (94),0
172,case0036,0
173,000055,1
174,case0369,0
175,5738,1
176,5739,1
177,5740,1
178,5741,1
179,000052,0
180,5463,0
181,5465,0
182,malignant (135),1
183,case0450,1
184,18066,1
185,18067,1
186,18068,1
187,18069,1
188,malignant (70),1
189,case0364,0
190,benign (35),0
191,Case-47-U-58-0,1
192,59821-Afbeelding1,0
193,59822-Afbeelding2,0
194,case0171,1
195,Case-254-U1,0
196,36565-Afbeelding3,1
197,36566-Afbeelding4,1
198,5539,0
199,5540,0
200,5541,0
201,5542,0
202,000138,1
203,malignant (190),1
204,benign (314),0
205,Case-247-U1,0
206,case0019,0
207,benign (412),0
208,benign (260),0
209,5700,1
210,5701,1
211,48872-Afbeelding5,1
212,48873-Afbeelding6,1
213,48874-Afbeelding7,1
214,48876-Afbeelding9,1
215,48877-Afbeelding10,1
216,48875-Afbeelding8,1
217,5367,0
218,5785,1
219,5786,1
220,Case-20-U-31-1,1
221,Case-109-U2,1
222,22964,0
223,22967,0
224,22968,0
225,Case-172-U4,0
226,000003,0
227,case0145,1
228,benign (247),0
229,case0401,1
230,Case-236-U1,0
231,Case-169-U1,0
232,case0154,1
233,benign (64),0
234,benign (78),0
235,malignant (181),1
236,benign (395),0
237,benign (224),0
238,000067,0
239,malignant (137),1
240,case0381,1
241,000016,0
242,47830-Afbeelding1,1
243,47831-Afbeelding2,1
244,47832-Afbeelding3,1
245,47833-Afbeelding4,1
246,47834-Afbeelding5,1
247,5511,0
248,5512,0
249,5513,0
250,benign (13),0
251,000025,1
252,benign (1),0
253,52824-Afbeelding1,1
254,52825-Afbeelding2,1
255,52826-Afbeelding3,1
256,52827-Afbeelding4,1
257,benign (235),0
258,benign (312),0
259,5226,0
260,5227,0
261,case0179,1
262,38407-Afbeelding1,0
263,38409-Afbeelding3,0
264,38410-Afbeelding4,0
265,case0248,1
266,case0273,0
267,malignant (15),1
268,case0503,0
269,45647-Afbeelding1,1
270,45648-Afbeelding2,1
271,malignant (171),1
272,58491-Afbeelding1,1
273,58492-Afbeelding2,1
274,58493-Afbeelding3,1
275,58495-Afbeelding5,1
276,58496-Afbeelding6,1
277,58499-Afbeelding9,1
278,58501-Afbeelding11,1
279,58497-Afbeelding7,1
280,58498-Afbeelding8,1
281,benign (399),0
282,case0117,0
283,Case-33-U-44-1,1
284,68668-Afbeelding5,1
285,68664-Afbeelding1,1
286,68665-Afbeelding2,1
287,68666-Afbeelding3,1
288,68667-Afbeelding4,1
289,68669-Afbeelding6,1
290,68670-Afbeelding7,1
291,68671-Afbeelding8,1
292,Case-30-U-41-1,1
293,case0417,0
294,benign (181),0
295,51657-Afbeelding1,0
296,51658-Afbeelding2,0
297,51659-Afbeelding3,0
298,51660-Afbeelding4,0
299,5758,1
300,5760,1
301,case0236,1
302,Case-139-U2,1
303,case0363,0
304,benign (270),0
305,000062,0
306,benign (169),0
307,17756,0
308,17757,0
309,Case-123-U2,1
310,benign (55),0
311,5514,0
312,5515,0
313,5516,0
314,5517,0
315,benign (76),0
316,000018,1
317,malignant (148),1
318,Case-38-U-49-0,1
319,case0366,0
320,000099,0
321,000308,1
322,case0039,0
323,case0540,0
324,benign (207),0
325,case0302,0
326,Case-243-U1,0
327,5788,1
328,5789,1
329,5790,1
330,benign (165),0
331,000094,0
332,Case-259-U1,0
333,000112,0
334,case0319,0
335,5258,0
336,malignant (16),1
337,benign (101),0
338,case0527,0
339,5712,1
340,5713,1
341,5714,1
342,5715,1
343,case0562,1
344,59612-Afbeelding1,1
345,59615-Afbeelding4,1
346,59616-Afbeelding5,1
347,59617-Afbeelding6,1
348,59618-Afbeelding7,1
349,59619-Afbeelding8,1
350,59620-Afbeelding9,1
351,benign (257),0
352,case0399,1
353,59965-Afbeelding8,1
354,59959-Afbeelding2,1
355,59960-Afbeelding3,1
356,59961-Afbeelding4,1
357,59962-Afbeelding5,1
358,59963-Afbeelding6,1
359,59966-Afbeelding9,1
360,59967-Afbeelding10,1
361,5413,0
362,5414,0
363,5415,0
364,5416,0
365,60857-Afbeelding1,0
366,60858-Afbeelding2,0
367,60859-Afbeelding3,0
368,60860-Afbeelding4,0
369,60861-Afbeelding5,0
370,60864-Afbeelding8,0
371,5781,1
372,5784,1
373,Case-145-U2,1
374,Case-14-U-25-1,1
375,benign (166),0
376,benign (288),0
377,40037-Afbeelding2,0
378,40038-Afbeelding3,0
379,Case-34-U-45-1,1
380,benign (80),0
381,Case-226-U1,1
382,17728,1
383,17729,1
384,17730,1
385,17731,1
386,17732,1
387,17735,1
388,case0118,0
389,5913,1
390,5914,1
391,5915,1
392,case0071,0
393,000110,0
394,case0398,1
395,case0012,0
396,malignant (19),1
397,case0163,1
398,67322-Afbeelding1,0
399,67325-Afbeelding4,0
400,67326-Afbeelding5,0
401,Case-153-U2,1
402,5394,0
403,5395,0
404,5396,0
405,44918-Afbeelding1,1
406,44919-Afbeelding2,1
407,44920-Afbeelding3,1
408,5864,1
409,5865,1
410,5866,1
411,5867,1
412,5868,1
413,benign (237),0
414,000068,0
415,case0047,0
416,benign (108),0
417,malignant (185),1
418,benign (68),0
419,26053,1
420,26054,1
421,26056,1
422,26057,1
423,26058,1
424,26059,1
425,26060,1
426,malignant (74),1
427,23664,0
428,23665,0
429,23666,0
430,23667,0
431,23668,0
432,23669,0
433,case0265,1
434,malignant (96),1
435,case0107,0
436,malignant (26),1
437,12406,0
438,12407,0
439,12408,0
440,12409,0
441,Case-221-U1,1
442,case0551,0
443,41552-Afbeelding5,0
444,41553-Afbeelding6,0
445,benign (25),0
446,51134-Afbeelding1,1
447,51135-Afbeelding2,1
448,51140-Afbeelding7,1
449,case0028,0
450,000066,0
451,000006,0
452,case0051,0
453,000021,0
454,44860-Afbeelding1,0
455,44862-Afbeelding3,0
456,44863-Afbeelding4,0
457,44864-Afbeelding5,0
458,44865-Afbeelding6,0
459,benign (360),0
460,33339-Afbeelding2,1
461,33340-Afbeelding3,1
462,benign (172),0
463,45623-Afbeelding2,1
464,45626-Afbeelding5,1
465,45627-Afbeelding6,1
466,45630-Afbeelding9,1
467,45622-Afbeelding1,1
468,000088,0
469,case0077,0
470,malignant (4),1
471,Case-65-U-76-0,0
472,case0442,1
473,malignant (45),1
474,64185-Afbeelding2,1
475,64186-Afbeelding3,1
476,64184-Afbeelding1,1
477,case0027,0
478,case0199,1
479,Case-239-U1,0
480,malignant (25),1
481,Case-135-U2,1
482,case0042,0
483,5581,0
484,5582,0
485,5584,0
486,malignant (157),1
487,malignant (56),1
488,benign (385),0
489,benign (102),0
490,malignant (204),1
491,malignant (48),1
492,Case-214-U1,1
493,52913-Afbeelding1,0
494,52915-Afbeelding3,0
495,52916-Afbeelding4,0
496,000042,0
497,42825-Afbeelding1,1
498,42826-Afbeelding2,1
499,42827-Afbeelding3,1
500,42828-Afbeelding4,1
501,case0306,0
502,case0557,1
503,Case-231-U1,1
504,43744-Afbeelding1,1
505,43745-Afbeelding2,1
506,43747-Afbeelding4,1
507,43748-Afbeelding5,1
508,43749-Afbeelding6,1
509,000101,0
510,case0295,0
511,benign (105),0
512,case0173,1
513,58546-Afbeelding1,0
514,58550-Afbeelding5,0
515,58552-Afbeelding7,0
516,case0463,0
517,Case-166-U2,1
518,24480,0
519,24481,0
520,24482,0
521,24483,0
522,malignant (92),1
523,000090,0
524,Case-251-U1,0
525,case0316,0
526,Case-63-U-74-1,0
527,benign (208),0
528,benign (375),0
529,44885-Afbeelding1,1
530,44886-Afbeelding2,1
531,44887-Afbeelding3,1
532,44888-Afbeelding4,1
533,44889-Afbeelding5,1
534,case0115,0
535,benign (154),0
536,5451,0
537,5452,0
538,5247,0
539,5248,0
540,5249,0
541,5250,0
542,Case-85-U-96-0,0
543,000125,0
544,case0349,0
545,000053,1
546,000070,0
547,case0471,1
548,000109,0
549,63419-Afbeelding2,1
550,63423-Afbeelding6,1
551,63424-Afbeelding7,1
552,63418-Afbeelding1,1
553,63422-Afbeelding5,1
554,16853,0
555,16854,0
556,16855,0
557,benign (144),0
558,Case-208-U4,0
559,000011,0
560,33284-Afbeelding1,1
561,33285-Afbeelding2,1
562,Case-184-U4,0
563,malignant (140),1
564,Case-177-U1,1
565,26043,1
566,26044,1
567,26045,1
568,26046,1
569,26047,1
570,26048,1
571,26049,1
572,26050,1
573,50156-Afbeelding1,0
574,50157-Afbeelding2,0
575,50158-Afbeelding3,0
576,50159-Afbeelding4,0
577,50161-Afbeelding6,0
578,5535,0
579,5536,0
580,5537,0
581,5538,0
582,case0015,0
583,Case-179-U4,0
584,67609-Afbeelding1,1
585,67610-Afbeelding2,1
586,67611-Afbeelding3,1
587,67612-Afbeelding4,1
588,67613-Afbeelding5,1
589,55529-Afbeelding1,0
590,55530-Afbeelding2,0
591,000103,0
592,Case-21-U-32-1,1
593,case0500,0
594,Case-111-U2,1
595,000045,1
596,benign (63),0
597,malignant (187),1
598,47452-Afbeelding3,0
599,47453-Afbeelding4,0
600,000065,0
601,case0099,0
602,case0063,0
603,case0045,0
604,benign (175),0
605,benign (41),0
606,16235,0
607,16236,0
608,16237,0
609,16238,0
610,16239,0
611,16240,0
612,5748,1
613,5749,1
614,5750,1
615,61571-Afbeelding1,1
616,61573-Afbeelding3,1
617,61574-Afbeelding4,1
618,case0490,0
619,case0253,1
620,case0228,1
621,5486,0
622,5487,0
623,57114-Afbeelding2,1
624,57115-Afbeelding3,1
625,57116-Afbeelding4,1
626,57119-Afbeelding7,1
627,57120-Afbeelding8,1
628,000118,0
629,Case-276-U1,1
630,Case-29-U-40-2,1
631,case0226,1
632,Case-73-U-85-0,0
633,19587,1
634,19588,1
635,19589,1
636,19590,1
637,Case-106-U2,1
638,000013,0
639,000032,0
640,benign (405),0
641,000004,0
642,case0536,0
643,malignant (119),1
644,5769,1
645,5770,1
646,benign (113),0
647,54070-Afbeelding2,1
648,54071-Afbeelding3,1
649,54072-Afbeelding4,1
650,54073-Afbeelding5,1
651,54074-Afbeelding6,1
652,54069-Afbeelding1,1
653,case0254,1
654,Case-212-U1,0
655,case0086,0
656,49602-Afbeelding1,0
657,49603-Afbeelding2,0
658,49604-Afbeelding3,0
659,000126,0
660,benign (111),0
661,case0076,0
662,benign (211),0
663,case0344,0
664,benign (358),0
665,benign (161),0
666,case0264,1
667,malignant (109),1
668,malignant (53),1
669,case0209,1
670,case0231,1
671,benign (267),0
672,benign (11),0
673,malignant (175),1
674,benign (388),0
675,case0418,0
676,case0382,1
677,benign (280),0
678,case0192,1
679,case0270,1
680,benign (264),0
681,Case-272-U1,0
682,42212-Afbeelding3,1
683,42210-Afbeelding1,1
684,42211-Afbeelding2,1
685,42213-Afbeelding4,1
686,case0054,0
687,case0007,0
688,000298,1
689,malignant (160),1
690,54102-Afbeelding1,1
691,54103-Afbeelding2,1
692,54104-Afbeelding3,1
693,54105-Afbeelding4,1
694,54107-Afbeelding6,1
695,54108-Afbeelding7,1
696,54109-Afbeelding8,1
697,54106-Afbeelding5,1
698,000058,0
699,case0558,1
700,Case-8-U-16-0,1
701,Case-8-U-16-1,1
702,malignant (178),1
703,Case-22-U-33-2,1
704,benign (376),0
705,case0512,0
706,Case-216-U1,0
707,case0532,0
708,benign (121),0
709,000142,1
710,benign (186),0
711,benign (342),0
712,case0188,1
713,case0197,1
714,benign (163),0
715,malignant (115),1
716,malignant (2),1
717,000033,0
718,malignant (62),1
719,case0328,1
720,malignant (126),1
721,benign (220),0
722,11152,1
723,11153,1
724,11155,1
725,malignant (194),1
726,malignant (84),1
727,19576,0
728,19577,0
729,19581,0
730,benign (117),0
731,benign (344),0
732,43301-Afbeelding2,0
733,43300-Afbeelding1,0
734,43302-Afbeelding3,0
735,47536-Afbeelding1,1
736,47537-Afbeelding2,1
737,47542-Afbeelding7,1
738,47543-Afbeelding8,1
739,47545-Afbeelding10,1
740,47538-Afbeelding3,1
741,47539-Afbeelding4,1
742,11906,1
743,11907,1
744,11908,1
745,11909,1
746,11912,1
747,11913,1
748,11914,1
749,11915,1
750,benign (327),0
751,benign (73),0
752,Case-183-U4,0
753,benign (222),0
754,64211-Afbeelding13,1
755,64212-Afbeelding14,1
756,64199-Afbeelding1,1
757,64200-Afbeelding2,1
758,64201-Afbeelding3,1
759,64203-Afbeelding5,1
760,64204-Afbeelding6,1
761,64205-Afbeelding7,1
762,64206-Afbeelding8,1
763,64207-Afbeelding9,1
764,64208-Afbeelding10,1
765,64213-Afbeelding15,1
766,64214-Afbeelding16,1
767,benign (294),0
768,benign (315),0
769,benign (350),0
770,benign (363),0
771,benign (43),0
772,Case-112-U2,1
773,benign (256),0
774,benign (229),0
775,case0428,0
776,malignant (78),1
777,benign (20),0
778,000102,0
779,case0230,1
780,Case-49-U-60-2,1
781,benign (155),0
782,malignant (208),1
783,67560-Afbeelding10,0
784,67551-Afbeelding1,0
785,67552-Afbeelding2,0
786,67553-Afbeelding3,0
787,67554-Afbeelding4,0
788,67559-Afbeelding9,0
789,67561-Afbeelding11,0
790,Case-260-U1,0
791,case0066,0
792,19584,1
793,19585,1
794,benign (135),0
795,case0166,1
796,case0470,1
797,Case-44-U-55-3,1
798,000115,0
799,case0010,0
800,benign (322),0
801,case0211,1
802,000080,0
803,benign (184),0
804,benign (66),0
805,benign (272),0
806,benign (75),0
807,Case-128-U2,1
808,benign (410),0
809,malignant (30),1
810,38168-Afbeelding1,1
811,38169-Afbeelding2,1
812,Case-69-U-81-0,0
813,50553-Afbeelding1,1
814,50554-Afbeelding2,1
815,50557-Afbeelding5,1
816,50558-Afbeelding6,1
817,50555-Afbeelding3,1
818,case0464,1
819,benign (251),0
820,Case-193-U4,0
821,Case-56-U-67-0,0
822,benign (153),0
823,malignant (43),1
824,case0523,0
825,benign (22),0
826,47461-Afbeelding1,0
827,47462-Afbeelding2,0
828,47464-Afbeelding4,0
829,47465-Afbeelding5,0
830,47466-Afbeelding6,0
831,47463-Afbeelding3,0
832,benign (152),0
833,000001,0
834,case0139,1
835,malignant (106),1
836,60173-Afbeelding1,1
837,60174-Afbeelding2,1
838,60175-Afbeelding3,1
839,60176-Afbeelding4,1
840,60179-Afbeelding7,1
841,case0437,1
842,64810-Afbeelding2,1
843,64811-Afbeelding3,1
844,64812-Afbeelding4,1
845,62301-Afbeelding1,0
846,62302-Afbeelding2,0
847,62303-Afbeelding3,0
848,62304-Afbeelding4,0
849,42235-Afbeelding2,1
850,42238-Afbeelding5,1
851,42239-Afbeelding6,1
852,42241-Afbeelding8,1
853,42242-Afbeelding9,1
854,42234-Afbeelding1,1
855,42236-Afbeelding3,1
856,42240-Afbeelding7,1
857,42243-Afbeelding10,1
858,Case-152-U2,1
859,case0185,1
860,Case-39-U-50-1,1
861,benign (409),0
862,malignant (127),1
863,benign (143),0
864,case0246,1
865,case0548,0
866,case0498,0
867,case0277,0
868,case0351,0
869,benign (126),0
870,benign (130),0
871,22733,0
872,22734,0
873,22736,0
874,case0507,0
875,benign (348),0
876,benign (86),0
877,malignant (60),1
878,benign (120),0
879,benign (419),0
880,13654,0
881,13655,0
882,case0038,0
883,Case-131-U2,1
884,5368,0
885,5369,0
886,5370,0
887,5371,0
888,benign (305),0
889,benign (145),0
890,case0146,1
891,malignant (123),1
892,case0229,1
893,51669-Afbeelding1,0
894,51670-Afbeelding2,0
895,Case-118-U2,1
896,case0280,0
897,000078,0
898,000061,0
899,benign (414),0
900,benign (123),0
901,benign (367),0
902,malignant (176),1
903,case0101,0
904,Case-125-U2,1
905,benign (89),0
906,malignant (28),1
907,case0202,1
908,26037,1
909,26039,1
910,26040,1
911,26041,1
912,26042,1
913,case0561,0
914,20605,1
915,20607,1
916,68826-Afbeelding1,1
917,68827-Afbeelding2,1
918,68828-Afbeelding3,1
919,68829-Afbeelding4,1
920,68832-Afbeelding7,1
921,case0308,0
922,5232,0
923,5234,0
924,Case-201-U4,0
925,case0035,0
926,case0515,1
927,malignant (163),1
928,000041,1
929,malignant (124),1
930,case0181,1
931,case0234,1
932,case0297,0
933,malignant (68),1
934,46854-Afbeelding3,1
935,46855-Afbeelding4,1
936,benign (368),0
937,malignant (57),1
938,benign (391),0
939,Case-57-U-68-2,0
940,34809-Afbeelding1,0
941,34810-Afbeelding2,0
942,34811-Afbeelding3,0
943,34812-Afbeelding4,0
944,34813-Afbeelding5,0
945,benign (164),0
946,benign (268),0
947,benign (269),0
948,000038,0
949,case0473,1
950,Case-74-U-86-0,0
951,malignant (143),1
952,case0441,1
953,benign (162),0
954,000064,0
955,000022,0
956,Case-265-U1,0
957,case0098,0
958,53228-Afbeelding2,0
959,53229-Afbeelding3,0
960,53230-Afbeelding4,0
961,53231-Afbeelding5,0
962,53232-Afbeelding6,0
963,53233-Afbeelding7,0
964,53234-Afbeelding8,0
965,53227-Afbeelding1,0
966,case0029,0
967,000072,0
968,benign (346),0
969,case0461,1
970,5924,1
971,5925,1
972,5926,1
973,5928,1
974,5929,1
975,5930,1
976,Case-68-U-80-0,0
977,benign (193),0
978,case0492,1
979,000048,1
980,benign (98),0
981,13850,1
982,13851,1
983,5419,0
984,5420,0
985,5422,0
986,50144-Afbeelding1,0
987,50146-Afbeelding3,0
988,50147-Afbeelding4,0
989,50145-Afbeelding2,0
990,benign (215),0
991,Case-27-U-38-2,1
992,43754-Afbeelding3,1
993,43756-Afbeelding5,1
994,43752-Afbeelding1,1
995,43753-Afbeelding2,1
996,43755-Afbeelding4,1
997,43757-Afbeelding6,1
998,52783-Afbeelding1,0
999,52784-Afbeelding2,0
1000,52785-Afbeelding3,0
1001,52786-Afbeelding4,0
1002,52787-Afbeelding5,0
1003,52788-Afbeelding6,0
1004,Case-94-U-1,0
1005,5492,0
1006,case0385,1
1007,000295,1
1008,5439,0
1009,5440,0
1010,49614-Afbeelding3,0
1011,49615-Afbeelding4,0
1012,49617-Afbeelding6,0
1013,49619-Afbeelding8,0
1014,49618-Afbeelding7,0
1015,000051,0
1016,benign (206),0
1017,benign (243),0
1018,malignant (207),1
1019,case0365,0
1020,benign (183),0
1021,case0434,1
1022,benign (430),0
1023,11134,1
1024,11135,1
1025,11136,1
1026,38174-Afbeelding1,1
1027,38175-Afbeelding2,1
1028,38176-Afbeelding3,1
1029,38177-Afbeelding4,1
1030,38178-Afbeelding5,1
1031,38179-Afbeelding6,1
1032,5526,0
1033,5527,0
1034,5528,0
1035,5529,0
1036,61469-Afbeelding1,1
1037,61470-Afbeelding2,1
1038,61471-Afbeelding3,1
1039,61472-Afbeelding4,1
1040,case0026,0
1041,case0064,0
1042,case0006,0
1043,benign (413),0
1044,000019,0
1045,benign (36),0
1046,malignant (210),1
1047,case0289,0
1048,malignant (111),1
1049,58322-Afbeelding1,1
1050,58323-Afbeelding2,1
1051,58324-Afbeelding3,1
1052,58325-Afbeelding4,1
1053,58326-Afbeelding5,1
1054,58328-Afbeelding7,1
1055,58329-Afbeelding8,1
1056,58330-Afbeelding9,1
1057,58331-Afbeelding10,1
1058,58333-Afbeelding12,1
1059,58327-Afbeelding6,1
1060,000010,0
1061,benign (338),0
1062,benign (415),0
1063,case0159,1
1064,case0225,1
1065,Case-200-U4,0
1066,case0299,0
1067,Case-82-U-97-0,0
1068,benign (60),0
1069,case0060,0
1070,39281-Afbeelding2,1
1071,39282-Afbeelding3,1
1072,39283-Afbeelding4,1
1073,39280-Afbeelding1,1
1074,48988-Afbeelding5,1
1075,48989-Afbeelding6,1
1076,48990-Afbeelding7,1
1077,48991-Afbeelding8,1
1078,48992-Afbeelding9,1
1079,48993-Afbeelding10,1
1080,48994-Afbeelding11,1
1081,48995-Afbeelding12,1
1082,Case-204-U4,0
1083,Case-144-U2,1
1084,Case-31-U-42-1,1
1085,case0220,1
1086,malignant (99),1
1087,benign (359),0
1088,Case-235-U1,1
1089,Case-141-U2,1
1090,case0383,1
1091,case0313,0
1092,Case-23-U-34-1,1
1093,benign (279),0
1094,case0413,0
1095,case0341,0
1096,52329-Afbeelding1,1
1097,52330-Afbeelding2,1
1098,52333-Afbeelding5,1
1099,52334-Afbeelding6,1
1100,52335-Afbeelding7,1
1101,52336-Afbeelding8,1
1102,malignant (125),1
1103,case0093,0
1104,Case-124-U2,1
1105,case0372,0
1106,case0415,1
1107,5471,0
1108,5472,0
1109,case0510,0
1110,60885-Afbeelding1,0
1111,60887-Afbeelding3,0
1112,60888-Afbeelding4,0
1113,malignant (108),1
1114,41503-Afbeelding2,0
1115,41504-Afbeelding3,0
1116,41505-Afbeelding4,0
1117,Case-238-U1,0
1118,52839-Afbeelding2,1
1119,52842-Afbeelding5,1
1120,52843-Afbeelding6,1
1121,52838-Afbeelding1,1
1122,52840-Afbeelding3,1
1123,52841-Afbeelding4,1
1124,case0128,0
1125,case0191,1
1126,case0214,1
1127,000076,0
1128,case0481,0
1129,15917,1
1130,15918,1
1131,15919,1
1132,47470-Afbeelding1,0
1133,47471-Afbeelding2,0
1134,47472-Afbeelding3,0
1135,47476-Afbeelding7,0
1136,47473-Afbeelding4,0
1137,malignant (169),1
1138,Case-217-U1,1
1139,benign (147),0
1140,Case-198-U4,0
1141,case0205,1
1142,000096,0
1143,case0304,0
1144,Case-95-U-1,0
1145,benign (204),0
1146,case0221,1
1147,Case-154-U2,1
1148,benign (361),0
1149,case0476,1
1150,benign (393),0
1151,50538-Afbeelding1,1
1152,50540-Afbeelding3,1
1153,50541-Afbeelding4,1
1154,50539-Afbeelding2,1
1155,50616-Afbeelding1,1
1156,50618-Afbeelding3,1
1157,50619-Afbeelding4,1
1158,50620-Afbeelding5,1
1159,50621-Afbeelding6,1
1160,50623-Afbeelding8,1
1161,52935-Afbeelding1,1
1162,52936-Afbeelding2,1
1163,52937-Afbeelding3,1
1164,Case-146-U2,1
1165,case0104,0
1166,24484,1
1167,24485,1
1168,24487,1
1169,24488,1
1170,24489,1
1171,case0446,1
1172,benign (230),0
1173,Case-140-U2,1
1174,26065,1
1175,26066,1
1176,26067,1
1177,26069,1
1178,26070,1
1179,26072,1
1180,52875-Afbeelding1,1
1181,52878-Afbeelding4,1
1182,52879-Afbeelding5,1
1183,52881-Afbeelding7,1
1184,52882-Afbeelding8,1
1185,52876-Afbeelding2,1
1186,52877-Afbeelding3,1
1187,5643,0
1188,5644,0
1189,5645,0
1190,case0217,1
1191,benign (351),0
1192,case0504,0
1193,malignant (65),1
1194,benign (232),0
1195,benign (46),0
1196,benign (209),0
1197,benign (377),0
1198,case0358,0
1199,5423,0
1200,5424,0
1201,case0049,0
1202,malignant (164),1
1203,42867-Afbeelding1,1
1204,42868-Afbeelding2,1
1205,42869-Afbeelding3,1
1206,42870-Afbeelding4,1
1207,000130,0
1208,case0559,1
1209,malignant (100),1
1210,malignant (11),1
1211,33300-Afbeelding3,1
1212,33301-Afbeelding4,1
1213,33298-Afbeelding1,1
1214,33299-Afbeelding2,1
1215,Case-37-U-48-1,1
1216,benign (115),0
1217,Case-160-U2,1
1218,20969,1
1219,20972,1
1220,malignant (55),1
1221,benign (292),0
1222,39408-Afbeelding1,1
1223,39412-Afbeelding5,1
1224,39409-Afbeelding2,1
1225,39410-Afbeelding3,1
1226,39411-Afbeelding4,1
1227,15330,1
1228,15478,1
1229,15480,1
1230,15481,1
1231,15482,1
1232,Case-41-U-52-1,1
1233,16858,1
1234,16859,1
1235,16860,1
1236,16861,1
1237,benign (53),0
1238,malignant (191),1
1239,case0395,1
1240,51678-Afbeelding4,0
1241,51679-Afbeelding5,0
1242,51680-Afbeelding6,0
1243,51681-Afbeelding7,0
1244,51115-Afbeelding1,0
1245,51116-Afbeelding2,0
1246,51117-Afbeelding3,0
1247,51118-Afbeelding4,0
1248,malignant (196),1
1249,benign (248),0
1250,case0140,1
1251,benign (96),0
1252,33289-Afbeelding1,0
1253,33290-Afbeelding2,0
1254,33291-Afbeelding3,0
1255,33292-Afbeelding4,0
1256,33293-Afbeelding5,0
1257,malignant (35),1
1258,000113,0
1259,benign (302),0
1260,5337,0
1261,5338,0
1262,5339,0
1263,5340,0
1264,malignant (12),1
1265,malignant (73),1
1266,54417-Afbeelding1,1
1267,54418-Afbeelding2,1
1268,54420-Afbeelding4,1
1269,54422-Afbeelding6,1
1270,54419-Afbeelding3,1
1271,54421-Afbeelding5,1
1272,Case-250-U1,0
1273,case0514,1
1274,case0256,1
1275,case0496,1
1276,000143,1
1277,malignant (189),1
1278,malignant (76),1
1279,malignant (1),1
1280,38565-Afbeelding4,0
1281,38562-Afbeelding1,0
1282,38563-Afbeelding2,0
1283,Case-5-U-10-0,1
1284,Case-5-U-10-1,1
1285,malignant (31),1
1286,Case-256-U1,0
1287,case0338,0
1288,5530,0
1289,5531,0
1290,5532,0
1291,5533,0
1292,5534,0
1293,benign (49),0
1294,35921-Afbeelding2,0
1295,35925-Afbeelding6,0
1296,35920-Afbeelding1,0
1297,case0542,0
1298,18959,0
1299,18960,0
1300,case0404,1
1301,case0499,0
1302,benign (90),0
1303,benign (139),0
1304,case0291,0
1305,5611,0
1306,5612,0
1307,5614,0
1308,5615,0
1309,5616,0
1310,malignant (120),1
1311,000117,0
1312,benign (109),0
1313,15896,0
1314,15897,0
1315,case0495,0
1316,case0330,1
1317,41601-Afbeelding2,1
1318,41603-Afbeelding4,1
1319,41600-Afbeelding1,1
1320,41602-Afbeelding3,1
1321,71195-Afbeelding1,1
1322,71196-Afbeelding2,1
1323,71199-Afbeelding5,1
1324,71200-Afbeelding6,1
1325,71201-Afbeelding7,1
1326,71202-Afbeelding8,1
1327,malignant (209),1
1328,case0524,0
1329,case0080,0
1330,case0353,0
1331,Case-103-U2,1
1332,Case-223-U1,1
1333,benign (323),0
1334,Case-142-U2,1
1335,case0184,1
1336,24115,1
1337,24116,1
1338,24117,1
1339,24118,1
1340,54051-Afbeelding1,1
1341,54052-Afbeelding2,1
1342,54054-Afbeelding4,1
1343,54055-Afbeelding5,1
1344,54057-Afbeelding7,1
1345,54056-Afbeelding6,1
1346,000136,1
1347,case0186,1
1348,5636,0
1349,5637,0
1350,5640,0
1351,case0215,1
1352,54654-Afbeelding1,1
1353,54659-Afbeelding6,1
1354,54660-Afbeelding7,1
1355,54661-Afbeelding8,1
1356,54663-Afbeelding10,1
1357,54665-Afbeelding12,1
1358,54667-Afbeelding14,1
1359,54668-Afbeelding15,1
1360,54666-Afbeelding13,1
1361,benign (56),0
1362,malignant (193),1
1363,benign (275),0
1364,51662-Afbeelding1,0
1365,51663-Afbeelding2,0
1366,51664-Afbeelding3,0
1367,64426-Afbeelding5,1
1368,64422-Afbeelding1,1
1369,64423-Afbeelding2,1
1370,64425-Afbeelding4,1
1371,64427-Afbeelding6,1
1372,64430-Afbeelding9,1
1373,64431-Afbeelding10,1
1374,case0260,1
1375,benign (34),0
1376,Case-19-U-30-0,1
1377,benign (159),0
1378,Case-171-U4,0
1379,case0544,0
1380,58508-Afbeelding1,1
1381,58509-Afbeelding2,1
1382,58510-Afbeelding3,1
1383,58511-Afbeelding4,1
1384,58513-Afbeelding6,1
1385,58514-Afbeelding7,1
1386,58516-Afbeelding9,1
1387,58520-Afbeelding13,1
1388,58512-Afbeelding5,1
1389,58515-Afbeelding8,1
1390,Case-7-U-14-0,1
1391,Case-7-U-97-0,1
1392,case0453,1
1393,benign (133),0
1394,15014,0
1395,15015,0
1396,15024,0
1397,15025,0
1398,benign (424),0
1399,case0238,1
1400,case0279,0
1401,Case-2-U-2-1,1
1402,Case-2-U-2-2,1
1403,Case-2-U-2-3,1
1404,000091,0
1405,000121,0
1406,case0210,1
1407,case0121,0
1408,case0451,0
1409,case0233,1
1410,44192-Afbeelding1,1
1411,44193-Afbeelding2,1
1412,44195-Afbeelding4,1
1413,44194-Afbeelding3,1
1414,malignant (184),1
1415,malignant (147),1
1416,case0198,1
1417,benign (182),0
1418,53631-Afbeelding1,0
1419,53632-Afbeelding2,0
1420,53633-Afbeelding3,0
1421,53635-Afbeelding5,0
1422,53636-Afbeelding6,0
1423,53634-Afbeelding4,0
1424,53638-Afbeelding8,0
1425,Case-205-U4,0
1426,case0111,0
1427,malignant (167),1
1428,benign (341),0
1429,benign (372),0
1430,72254-Afbeelding1,1
1431,72259-Afbeelding6,1
1432,72262-Afbeelding9,1
1433,72263-Afbeelding10,1
1434,72258-Afbeelding5,1
1435,72266-Afbeelding13,1
1436,72267-Afbeelding14,1
1437,72265-Afbeelding12,1
1438,benign (187),0
1439,case0213,1
1440,11602,0
1441,50595-Afbeelding1,1
1442,50596-Afbeelding2,1
1443,50597-Afbeelding3,1
1444,50598-Afbeelding4,1
1445,Case-203-U4,0
1446,benign (9),0
1447,malignant (197),1
1448,Case-28-U-39-1,1
1449,35905-Afbeelding1,1
1450,35910-Afbeelding4,1
1451,35911-Afbeelding5,1
1452,35912-Afbeelding6,1
1453,35914-Afbeelding8,1
1454,35907-Afbeelding2,1
1455,35908-Afbeelding3,1
1456,35913-Afbeelding7,1
1457,40471-Afbeelding1,1
1458,40472-Afbeelding2,1
1459,40473-Afbeelding3,1
1460,40474-Afbeelding4,1
1461,000304,1
1462,benign (259),0
1463,Case-195-U4,0
1464,000119,0
1465,case0343,0
1466,case0505,0
1467,12394,0
1468,12395,0
1469,12396,0
1470,12397,0
1471,12398,0
1472,12399,0
1473,12400,0
1474,12401,0
1475,12402,0
1476,12403,0
1477,13989,1
1478,13990,1
1479,14218,1
1480,14219,1
1481,14220,1
1482,14221,1
1483,14222,1
1484,14223,1
1485,14224,1
1486,14225,1
1487,14226,1
1488,14227,1
1489,000043,1
1490,case0332,1
1491,case0150,1
1492,case0529,0
1493,5600,0
1494,5754,1
1495,5755,1
1496,67184-Afbeelding1,1
1497,67185-Afbeelding2,1
1498,67186-Afbeelding3,1
1499,67187-Afbeelding4,1
1500,67188-Afbeelding5,1
1501,67189-Afbeelding6,1
1502,67190-Afbeelding7,1
1503,5376,0
1504,5377,0
1505,Case-143-U2,1
1506,Case-194-U4,0
1507,Case-114-U2,1
1508,malignant (159),1
1509,15708,1
1510,15906,1
1511,15907,1
1512,case0241,1
1513,benign (240),0
1514,71001-Afbeelding1,0
1515,71002-Afbeelding2,0
1516,71006-Afbeelding6,0
1517,71009-Afbeelding9,0
1518,71010-Afbeelding10,0
1519,71011-Afbeelding11,0
1520,71012-Afbeelding12,0
1521,71013-Afbeelding13,0
1522,71014-Afbeelding14,0
1523,71015-Afbeelding15,0
1524,71016-Afbeelding16,0
1525,71017-Afbeelding17,0
1526,71018-Afbeelding18,0
1527,71019-Afbeelding19,0
1528,71020-Afbeelding20,0
1529,case0318,0
1530,4353,0
1531,4354,0
1532,case0275,0
1533,benign (131),0
1534,5320,0
1535,5321,0
1536,5322,0
1537,benign (266),0
1538,benign (328),0
1539,24490,1
1540,24492,1
1541,24497,1
1542,24507,1
1543,24508,1
1544,24509,1
1545,case0541,0
1546,15470,0
1547,15471,0
1548,15474,0
1549,15475,0
1550,15477,0
1551,15467,0
1552,malignant (199),1
1553,Case-168-U1,0
1554,malignant (129),1
1555,case0360,0
1556,benign (77),0
1557,case0303,0
1558,Case-264-U1,0
1559,benign (406),0
1560,5691,1
1561,5692,1
1562,case0106,0
1563,case0180,1
1564,18018,0
1565,18019,0
1566,case0134,1
1567,5828,1
1568,6795-5827,1
1569,5826,1
1570,5403,0
1571,5404,0
1572,5405,0
1573,5406,0
1574,malignant (50),1
1575,case0016,0
1576,case0478,1
1577,benign (340),0
1578,case0345,0
1579,Case-197-U4,0
1580,benign (325),0
1581,malignant (39),1
1582,case0501,0
1583,Case-134-U2,1
1584,benign (354),0
1585,case0497,1
1586,000044,1
1587,5652,0
1588,5653,0
1589,5654,0
1590,5655,0
1591,26551,0
1592,26552,0
1593,26553,0
1594,26554,0
1595,Case-163-U2,1
1596,malignant (63),1
1597,benign (262),0
1598,68622-Afbeelding1,1
1599,68623-Afbeelding2,1
1600,68626-Afbeelding5,1
1601,68627-Afbeelding6,1
1602,case0161,1
1603,000075,0
1604,case0406,0
1605,case0283,0
1606,case0520,0
1607,000074,0
1608,case0288,0
1609,Case-43-U-54-2,1
1610,malignant (54),1
1611,5686,1
1612,case0502,0
1613,5671,1
1614,5672,1
1615,case0423,1
1616,Case-86-U-97-0,0
1617,case0172,1
1618,Case-121-U2,1
1619,benign (38),0
1620,case0312,0
1621,benign (369),0
1622,benign (382),0
1623,Case-156-U2,1
1624,benign (95),0
1625,benign (254),0
1626,benign (157),0
1627,case0538,0
1628,case0380,1
1629,case0187,1
1630,benign (69),0
1631,43720-Afbeelding1,1
1632,43721-Afbeelding2,1
1633,43723-Afbeelding4,1
1634,43724-Afbeelding5,1
1635,43725-Afbeelding6,1
1636,Case-99-U-1,0
1637,5379,0
1638,5380,0
1639,case0320,0
1640,000306,1
1641,000122,0
1642,case0052,0
1643,benign (188),0
1644,malignant (130),1
1645,benign (167),0
1646,5595,0
1647,57513-Afbeelding1,0
1648,57514-Afbeelding2,0
1649,57516-Afbeelding4,0
1650,57515-Afbeelding3,0
1651,39166-Afbeelding1,1
1652,39167-Afbeelding2,1
1653,39168-Afbeelding3,1
1654,case0262,1
1655,case0090,0
1656,benign (104),0
1657,case0556,1
1658,48936-Afbeelding1,1
1659,48937-Afbeelding2,1
1660,48938-Afbeelding3,1
1661,48940-Afbeelding5,1
1662,48942-Afbeelding7,1
1663,48947-Afbeelding12,1
1664,48939-Afbeelding4,1
1665,48941-Afbeelding6,1
1666,48943-Afbeelding8,1
1667,malignant (22),1
1668,case0069,0
1669,benign (221),0
1670,case0261,1
1671,benign (112),0
1672,Case-127-U2,1
1673,000104,0
1674,case0004,0
1675,malignant (192),1
1676,benign (265),0
1677,Case-233-U1,1
1678,benign (394),0
1679,5445,0
1680,5446,0
1681,5447,0
1682,5448,0
1683,5449,0
1684,malignant (91),1
1685,5591,0
1686,5592,0
1687,5593,0
1688,5594,0
1689,000046,1
1690,malignant (162),1
1691,000098,0
1692,62608-Afbeelding1,1
1693,62609-Afbeelding2,1
1694,62610-Afbeelding3,1
1695,62611-Afbeelding4,1
1696,62613-Afbeelding6,1
1697,62615-Afbeelding8,1
1698,62616-Afbeelding9,1
1699,case0465,1
1700,54081-Afbeelding1,1
1701,54082-Afbeelding2,1
1702,54083-Afbeelding3,1
1703,54084-Afbeelding4,1
1704,54085-Afbeelding5,1
1705,54086-Afbeelding6,1
1706,54087-Afbeelding7,1
1707,54088-Afbeelding8,1
1708,000296,1
1709,11130,1
1710,11131,1
1711,Case-42-U-53-1,1
1712,5469,0
1713,5470,0
1714,Case-46-U-57-0,1
1715,5441,0
1716,5442,0
1717,5443,0
1718,5444,0
1719,Case-66-U-77-1,0
1720,case0116,0
1721,case0177,1
1722,5518,0
1723,5519,0
1724,malignant (81),1
1725,malignant (151),1
1726,case0324,1
1727,malignant (105),1
1728,41509-Afbeelding1,0
1729,41511-Afbeelding3,0
1730,41510-Afbeelding2,0
1731,41512-Afbeelding4,0
1732,60442-Afbeelding1,1
1733,60443-Afbeelding2,1
1734,60444-Afbeelding3,1
1735,malignant (89),1
1736,000060,0
1737,benign (318),0
1738,000007,0
1739,16256,1
1740,16257,1
1741,16258,1
1742,16259,1
1743,16260,1
1744,case0022,0
1745,64798-Afbeelding1,1
1746,64799-Afbeelding2,1
1747,64800-Afbeelding3,1
1748,benign (196),0
1749,56829-Afbeelding1,1
1750,56830-Afbeelding2,1
1751,56831-Afbeelding3,1
1752,56832-Afbeelding4,1
1753,56834-Afbeelding6,1
1754,56835-Afbeelding7,1
1755,41570-Afbeelding1,1
1756,41571-Afbeelding2,1
1757,41572-Afbeelding3,1
1758,5849,1
1759,5850,1
1760,case0053,0
1761,case0259,1
1762,malignant (200),1
1763,case0462,0
1764,case0469,1
1765,51690-Afbeelding1,1
1766,51691-Afbeelding2,1
1767,51692-Afbeelding3,1
1768,51693-Afbeelding4,1
1769,5353,0
1770,5354,0
1771,benign (170),0
1772,case0251,1
1773,case0033,0
1774,50102-Afbeelding1,1
1775,50103-Afbeelding2,1
1776,50104-Afbeelding3,1
1777,50105-Afbeelding4,1
1778,50107-Afbeelding6,1
1779,50110-Afbeelding9,1
1780,50111-Afbeelding10,1
1781,50112-Afbeelding11,1
1782,50113-Afbeelding12,1
1783,50106-Afbeelding5,1
1784,50108-Afbeelding7,1
1785,50109-Afbeelding8,1
1786,5228,0
1787,5229,0
1788,000116,0
1789,Case-159-U2,1
1790,case0271,1
1791,case0008,0
1792,case0044,0
1793,5621,0
1794,5622,0
1795,benign (132),0
1796,case0368,0
1797,71315-Afbeelding1,0
1798,71319-Afbeelding5,0
1799,71320-Afbeelding6,0
1800,benign (299),0
1801,25132,1
1802,25133,1
1803,25134,1
1804,25135,1
1805,Case-176-U4,0
1806,benign (411),0
1807,Case-191-U4,0
1808,benign (23),0
1809,000050,1
1810,Case-4-U-8-0,1
1811,Case-4-U-8-1,1
1812,benign (203),0
1813,Case-117-U2,1
1814,malignant (8),1
1815,14192,0
1816,case0067,0
1817,Case-96-U-1,0
1818,benign (33),0
1819,Case-90-U-1,0
1820,Case-10-U-20-0,1
1821,Case-10-U-20-1,1
1822,case0426,0
1823,Case-88-U-1,0
1824,39269-Afbeelding1,0
1825,39270-Afbeelding2,0
1826,39271-Afbeelding3,0
1827,39272-Afbeelding4,0
1828,39273-Afbeelding5,0
1829,39274-Afbeelding6,0
1830,39275-Afbeelding7,0
1831,39276-Afbeelding8,0
1832,34790-Afbeelding2,0
1833,34795-Afbeelding5,0
1834,34797-Afbeelding7,0
1835,34798-Afbeelding8,0
1836,34789-Afbeelding1,0
1837,34796-Afbeelding6,0
1838,Case-12-U-23-2,1
1839,5732,1
1840,5733,1
1841,5734,1
1842,5735,1
1843,5736,1
1844,5737,1
1845,benign (40),0
1846,benign (290),0
1847,Case-75-U-87-0,0
1848,case0456,0
1849,benign (74),0
1850,benign (285),0
1851,14241,0
1852,14242,0
1853,14243,0
1854,14244,0
1855,14245,0
1856,malignant (180),1
1857,case0396,1
1858,000123,0
1859,malignant (66),1
1860,case0448,1
1861,malignant (122),1
1862,case0216,1
1863,000301,1
1864,case0138,1
1865,benign (303),0
1866,benign (125),0
1867,Case-158-U2,1
1868,case0506,0
1869,benign (313),0
1870,case0056,0
1871,benign (345),0
1872,case0089,0
1873,51108-Afbeelding1,0
1874,51109-Afbeelding2,0
1875,51110-Afbeelding3,0
1876,51111-Afbeelding4,0
1877,benign (212),0
1878,22059,1
1879,22060,1
1880,22061,1
1881,22058,1
1882,21315,0
1883,21316,0
1884,21317,0
1885,case0375,0
1886,5382,0
1887,benign (16),0
1888,case0272,1
1889,000133,1
1890,malignant (152),1
1891,benign (194),0
1892,benign (48),0
1893,case0335,1
1894,24103,1
1895,24104,1
1896,24106,1
1897,24107,1
1898,24109,1
1899,24110,1
1900,24105,1
1901,24108,1
1902,malignant (201),1
1903,benign (88),0
1904,5245,0
1905,5246,0
1906,benign (119),0
1907,Case-80-U-92-0,0
1908,Case-98-U-1,0
1909,000131,0
1910,malignant (198),1
1911,malignant (158),1
1912,Case-237-U1,0
1913,benign (116),0
1914,11119,0
1915,11120,0
1916,case0282,0
1917,Case-97-U-1,0
1918,benign (146),0
1919,Case-249-U1,0
1920,benign (231),0
1921,case0429,1
1922,33265-Afbeelding1,0
1923,33266-Afbeelding2,0
1924,33267-Afbeelding3,0
1925,case0545,0
1926,benign (114),0
1927,12737,0
1928,12738,0
1929,12739,0
1930,12740,0
1931,12741,0
1932,12743,0
1933,12744,0
1934,47524-Afbeelding3,1
1935,47525-Afbeelding4,1
1936,47526-Afbeelding5,1
1937,23660,0
1938,23661,0
1939,23663,0
1940,Case-50-U-61-0,1
1941,case0455,0
1942,39617-Afbeelding4,0
1943,39618-Afbeelding5,0
1944,39623-Afbeelding10,0
1945,39616-Afbeelding3,0
1946,39619-Afbeelding6,0
1947,4898,0
1948,4899,0
1949,24091,1
1950,24092,1
1951,24093,1
1952,24094,1
1953,24095,1
1954,24096,1
1955,24097,1
1956,Case-64-U-75-1,0
1957,benign (27),0
1958,benign (238),0
1959,benign (255),0
1960,benign (384),0
1961,Case-24-U-35-2,1
1962,malignant (46),1
1963,case0440,1
1964,case0194,1
1965,benign (70),0
1966,Case-234-U1,0
1967,case0284,0
1968,5475,0
1969,5476,0
1970,5477,0
1971,case0084,0
1972,60798-Afbeelding1,1
1973,60799-Afbeelding2,1
1974,60800-Afbeelding3,1
1975,60801-Afbeelding4,1
1976,62170-Afbeelding1,0
1977,62171-Afbeelding2,0
1978,62172-Afbeelding3,0
1979,62173-Afbeelding4,0
1980,62174-Afbeelding5,0
1981,62175-Afbeelding6,0
1982,62176-Afbeelding7,0
1983,62178-Afbeelding9,0
1984,62179-Afbeelding10,0
1985,000135,1
1986,case0430,1
1987,benign (158),0
1988,case0147,1
1989,malignant (79),1
1990,case0124,0
1991,Case-54-U-65-0,0
1992,case0293,0
1993,benign (392),0
1994,malignant (117),1
1995,5241,0
1996,5242,0
1997,5243,0
1998,5244,0
1999,case0537,1
2000,Case-164-U2,1
2001,case0468,1
2002,benign (383),0
2003,case0422,0
2004,malignant (155),1
2005,benign (51),0
2006,case0158,1
2007,Case-79-U-91-0,0
2008,case0436,1
2009,5607,0
2010,5610,0
2011,case0156,1
2012,5489,0
2013,5496,0
2014,5497,0
2015,benign (380),0
2016,case0141,1
2017,case0132,1
2018,61543-Afbeelding7,1
2019,61537-Afbeelding1,1
2020,61538-Afbeelding2,1
2021,61539-Afbeelding3,1
2022,61540-Afbeelding4,1
2023,61541-Afbeelding5,1
2024,61542-Afbeelding6,1
2025,22957,1
2026,22958,1
2027,22959,1
2028,22961,1
2029,22962,1
2030,22963,1
2031,42792-Afbeelding2,0
2032,42795-Afbeelding5,0
2033,42796-Afbeelding6,0
2034,42794-Afbeelding4,0
2035,malignant (88),1
2036,45607-Afbeelding1,1
2037,45608-Afbeelding2,1
2038,45609-Afbeelding3,1
2039,45610-Afbeelding4,1
2040,case0480,1
2041,case0103,0
2042,000105,0
2043,case0486,1
2044,benign (100),0
2045,case0096,0
2046,benign (26),0
2047,5630,0
2048,5631,0
2049,5632,0
2050,48805-Afbeelding1,0
2051,48806-Afbeelding2,0
2052,48807-Afbeelding3,0
2053,48808-Afbeelding4,0
2054,5576,0
2055,5578,0
2056,5580,0
2057,Case-17-U-28-1,1
2058,benign (278),0
2059,Case-40-U-51-0,1
2060,benign (242),0
2061,case0348,0
2062,benign (72),0
2063,case0224,1
2064,Case-215-U1,0
2065,21324,1
2066,21325,1
2067,21328,1
2068,21329,1
2069,malignant (170),1
2070,benign (199),0
2071,19888,0
2072,19889,0
2073,19890,0
2074,case0151,1
2075,Case-1-U-1-1,1
2076,case0420,1
2077,case0207,1
2078,case0043,0
2079,51714-Afbeelding2,1
2080,51717-Afbeelding5,1
2081,51718-Afbeelding6,1
2082,51719-Afbeelding7,1
2083,51720-Afbeelding8,1
2084,51721-Afbeelding9,1
2085,51716-Afbeelding4,1
2086,benign (12),0
2087,case0410,1
2088,case0334,1
2089,case0057,0
2090,malignant (40),1
2091,Case-122-U2,1
2092,case0474,1
2093,benign (253),0
2094,case0203,1
2095,case0400,1
2096,52797-Afbeelding1,0
2097,52798-Afbeelding2,0
2098,52799-Afbeelding3,0
2099,52800-Afbeelding4,0
2100,52802-Afbeelding6,0
2101,52803-Afbeelding7,0
2102,52804-Afbeelding8,0
2103,52806-Afbeelding10,0
2104,52807-Afbeelding11,0
2105,52808-Afbeelding12,0
2106,52801-Afbeelding5,0
2107,52805-Afbeelding9,0
2108,15688,0
2109,15689,0
2110,15904,0
2111,15905,0
2112,case0276,0
2113,malignant (32),1
2114,11123,1
2115,11125,1
2116,Case-60-U-71-1,0
2117,42252-Afbeelding1,1
2118,42253-Afbeelding2,1
2119,42254-Afbeelding3,1
2120,42255-Afbeelding4,1
2121,Case-91-U-1,0
2122,20026,1
2123,20027,1
2124,20028,1
2125,20029,1
2126,Case-246-U1,0
2127,benign (390),0
2128,benign (379),0
2129,Case-190-U4,0
2130,benign (241),0
2131,5586,0
2132,5587,0
2133,5588,0
2134,5589,0
2135,malignant (134),1
2136,benign (226),0
2137,benign (396),0
2138,Case-225-U1,1
2139,case0127,0
2140,5374,0
2141,5375,0
2142,000310,1
2143,Case-207-U4,0
2144,benign (378),0
2145,69058-Afbeelding10,0
2146,69049-Afbeelding1,0
2147,69050-Afbeelding2,0
2148,69052-Afbeelding4,0
2149,69059-Afbeelding11,0
2150,case0526,0
2151,case0322,1
2152,62189-Afbeelding1,1
2153,62190-Afbeelding2,1
2154,62191-Afbeelding3,1
2155,62192-Afbeelding4,1
2156,62198-Afbeelding10,1
2157,62199-Afbeelding11,1
2158,62200-Afbeelding12,1
2159,54437-Afbeelding6,1
2160,54444-Afbeelding13,1
2161,54445-Afbeelding14,1
2162,54446-Afbeelding15,1
2163,54447-Afbeelding16,1
2164,54432-Afbeelding1,1
2165,54433-Afbeelding2,1
2166,54436-Afbeelding5,1
2167,54438-Afbeelding7,1
2168,54439-Afbeelding8,1
2169,55222-Afbeelding2,0
2170,55223-Afbeelding3,0
2171,55224-Afbeelding4,0
2172,55225-Afbeelding5,0
2173,55226-Afbeelding6,0
2174,55227-Afbeelding7,0
2175,55229-Afbeelding9,0
2176,55221-Afbeelding1,0
2177,55228-Afbeelding8,0
2178,Case-59-U-70-0,0
2179,case0018,0
2180,benign (386),0
2181,case0112,0
2182,benign (398),0
2183,case0378,1
2184,benign (54),0
2185,48902-Afbeelding3,1
2186,48908-Afbeelding9,1
2187,48909-Afbeelding10,1
2188,48911-Afbeelding12,1
2189,48916-Afbeelding17,1
2190,48917-Afbeelding18,1
2191,48930-Afbeelding31,1
2192,48932-Afbeelding33,1
2193,48933-Afbeelding34,1
2194,48910-Afbeelding11,1
2195,case0175,1
2196,benign (45),0
2197,case0433,0
2198,48828-Afbeelding1,1
2199,48829-Afbeelding2,1
2200,48830-Afbeelding3,1
2201,48831-Afbeelding4,1
2202,malignant (27),1
2203,000049,1
2204,Case-222-U1,1
2205,benign (403),0
2206,case0009,0
2207,case0243,1
2208,000128,0
2209,Case-87-U2,0
2210,000005,0
2211,case0201,1
2212,benign (320),0
2213,000137,1
2214,case0419,1
2215,case0024,0
2216,benign (397),0
2217,case0287,0
2218,case0408,0
2219,case0142,1
2220,63404-Afbeelding1,1
2221,63405-Afbeelding2,1
2222,Case-9-U-18-1,1
2223,Case-9-U-18-2,1
2224,benign (21),0
2225,39094-Afbeelding1,1
2226,39095-Afbeelding2,1
2227,39097-Afbeelding4,1
2228,39100-Afbeelding7,1
2229,39096-Afbeelding3,1
2230,000111,0
2231,benign (307),0
2232,3698,0
2233,3699,0
2234,3700,0
2235,benign (213),0
2236,case0534,1
2237,benign (276),0
2238,benign (137),0
2239,18061,1
2240,18062,1
2241,18063,1
2242,18064,1
2243,benign (417),0
2244,52953-Afbeelding1,0
2245,52954-Afbeelding2,0
2246,52955-Afbeelding3,0
2247,52956-Afbeelding4,0
2248,52959-Afbeelding7,0
2249,52962-Afbeelding10,0
2250,52965-Afbeelding13,0
2251,52966-Afbeelding14,0
2252,52967-Afbeelding15,0
2253,52968-Afbeelding16,0
2254,case0337,1
2255,benign (423),0
2256,case0305,0
2257,000039,0
2258,42186-Afbeelding2,1
2259,42185-Afbeelding1,1
2260,benign (122),0
2261,malignant (58),1
2262,case0212,1
2263,000144,1
2264,benign (18),0
2265,case0249,1
2266,Case-252-U1,0
2267,benign (124),0
2268,000095,0
2269,15362,1
2270,15485,1
2271,15487,1
2272,15490,1
2273,15491,1
2274,15488,1
2275,000071,0
2276,case0252,1
2277,benign (6),0
2278,Case-67-U-78-0,0
2279,5355,0
2280,5356,0
2281,5357,0
2282,5358,0
2283,5359,0
2284,5360,0
2285,5361,0
2286,5362,0
2287,case0123,0
2288,41623-Afbeelding1,1
2289,41626-Afbeelding4,1
2290,41624-Afbeelding2,1
2291,41625-Afbeelding3,1
2292,41627-Afbeelding5,1
2293,48848-Afbeelding1,1
2294,48849-Afbeelding2,1
2295,48850-Afbeelding3,1
2296,48851-Afbeelding4,1
2297,48852-Afbeelding5,1
2298,48853-Afbeelding6,1
2299,48854-Afbeelding7,1
2300,48855-Afbeelding8,1
2301,case0323,1
2302,000300,1
2303,benign (30),0
2304,case0539,0
2305,benign (429),0
2306,malignant (97),1
2307,benign (151),0
2308,60061-Afbeelding2,1
2309,60060-Afbeelding1,1
2310,60062-Afbeelding3,1
2311,60063-Afbeelding4,1
2312,60064-Afbeelding5,1
2313,60065-Afbeelding6,1
2314,benign (431),0
2315,benign (97),0
2316,case0021,0
2317,malignant (107),1
2318,case0072,0
2319,benign (366),0
2320,000083,0
2321,benign (177),0
2322,benign (401),0
2323,benign (2),0
2324,case0373,0
2325,benign (62),0
2326,case0165,1
2327,case0075,0
2328,case0379,1
2329,case0300,0
2330,malignant (168),1
2331,malignant (161),1
2332,000054,1
2333,case0091,0
2334,benign (210),0
2335,3694,0
2336,3695,0
2337,3696,0
2338,3697,0
2339,66540-Afbeelding1,0
2340,66541-Afbeelding2,0
2341,66542-Afbeelding3,0
2342,case0307,0
2343,case0240,1
2344,Case-130-U2,1
2345,malignant (82),1
2346,case0511,0
2347,benign (15),0
2348,case0170,1
2349,benign (197),0
2350,000299,1
2351,case0206,1
2352,Case-108-U2,1
2353,47555-Afbeelding1,1
2354,47559-Afbeelding5,1
2355,47562-Afbeelding8,1
2356,47560-Afbeelding6,1
2357,47561-Afbeelding7,1
2358,benign (195),0
2359,benign (316),0
2360,000132,1
2361,case0081,0
2362,51161-Afbeelding1,1
2363,51162-Afbeelding2,1
2364,51163-Afbeelding3,1
2365,51164-Afbeelding4,1
2366,51165-Afbeelding5,1
2367,51166-Afbeelding6,1
2368,51167-Afbeelding7,1
2369,51168-Afbeelding8,1
2370,benign (201),0
2371,2879,0
2372,case0431,1
2373,case0427,0
2374,case0227,1
2375,Case-89-U-1,0
2376,malignant (118),1
2377,benign (217),0
2378,malignant (71),1
2379,case0454,1
2380,benign (295),0
2381,malignant (9),1
2382,000309,1
2383,malignant (95),1
2384,case0488,1
2385,Case-173-U4,0
2386,benign (308),0
2387,benign (179),0
2388,5455,0
2389,5456,0
2390,5457,0
2391,case0411,1
2392,11113,0
2393,11114,0
2394,000056,0
2395,case0257,1
2396,case0017,0
2397,benign (141),0
2398,4515,0
2399,4516,0
2400,4517,0
2401,5433,0
2402,5434,0
2403,case0070,0
2404,case0196,1
2405,23677,1
2406,23678,1
2407,23679,1
2408,23680,1
2409,23690,1
2410,23692,1
2411,23676,1
2412,case0120,0
2413,malignant (7),1
2414,21320,0
2415,21321,0
2416,21322,0
2417,47507-Afbeelding1,1
2418,47508-Afbeelding2,1
2419,47509-Afbeelding3,1
2420,47510-Afbeelding4,1
2421,47513-Afbeelding7,1
2422,47514-Afbeelding8,1
2423,47511-Afbeelding5,1
2424,47512-Afbeelding6,1
2425,benign (353),0
2426,malignant (174),1
2427,benign (82),0
2428,Case-185-U4,0
2429,benign (306),0
2430,5522,0
2431,5523,0
2432,5524,0
2433,5525,0
2434,Case-83-U-94-0,0
2435,5875,1
2436,5876,1
2437,5877,1
2438,5878,1
2439,5879,1
2440,5880,1
2441,benign (422),0
2442,malignant (41),1
2443,5920,1
2444,5921,1
2445,5922,1
2446,5923,1
2447,benign (171),0
2448,50090-Afbeelding1,0
2449,50091-Afbeelding2,0
2450,50094-Afbeelding5,0
2451,50095-Afbeelding6,0
2452,50097-Afbeelding8,0
2453,case0135,1
2454,benign (274),0
2455,Case-100-U-1,0
2456,5886,1
2457,5887,1
2458,5888,1
2459,5890,1
2460,5891,1
2461,5892,1
2462,malignant (38),1
2463,51701-Afbeelding1,1
2464,51703-Afbeelding3,1
2465,51702-Afbeelding2,1
2466,case0182,1
2467,case0281,0
2468,malignant (59),1
2469,case0178,1
2470,5793,1
2471,5794,1
2472,5795,1
2473,benign (189),0
2474,case0048,0
2475,33281-Afbeelding3,0
2476,33279-Afbeelding1,0
2477,33280-Afbeelding2,0
2478,5333,0
2479,5334,0
2480,5335,0
2481,5336,0
2482,malignant (144),1
2483,benign (434),0
2484,malignant (44),1
2485,Case-16-U-27-2,1
2486,Case-174-U4,0
2487,56871-Afbeelding1,0
2488,56873-Afbeelding3,0
2489,56875-Afbeelding5,0
2490,56878-Afbeelding8,0
2491,56879-Afbeelding9,0
2492,56880-Afbeelding10,0
2493,56881-Afbeelding11,0
2494,33358-Afbeelding1,1
2495,33359-Afbeelding2,1
2496,33360-Afbeelding3,1
2497,33361-Afbeelding4,1
2498,malignant (104),1
2499,case0543,0
2500,48969-Afbeelding3,1
2501,48970-Afbeelding4,1
2502,48971-Afbeelding5,1
2503,48972-Afbeelding6,1
2504,48973-Afbeelding7,1
2505,48975-Afbeelding9,1
2506,48976-Afbeelding10,1
2507,48977-Afbeelding11,1
2508,48978-Afbeelding12,1
2509,48974-Afbeelding8,1
2510,case0530,0
2511,case0554,1
2512,malignant (150),1
2513,malignant (195),1
