img name,Ground Truth Name,tumor type
case0001,case0001_GT,B
case0002,case0002_GT,B
case0003,case0003_GT,B
case0004,case0004_GT,B
case0005,case0005_GT,B
case0006,case0006_GT,B
case0007,case0007_GT,B
case0008,case0008_GT,B
case0009,case0009_GT,B
case0010,case0010_GT,B
case0011,case0011_GT,B
case0012,case0012_GT,B
case0013,case0013_GT,B
case0014,case0014_GT,B
case0015,case0015_GT,B
case0016,case0016_GT,B
case0017,case0017_GT,B
case0018,case0018_GT,B
case0019,case0019_GT,B
case0020,case0020_GT,B
case0021,case0021_GT,B
case0022,case0022_GT,B
case0023,case0023_GT,B
case0024,case0024_GT,B
case0025,case0025_GT,B
case0026,case0026_GT,B
case0027,case0027_GT,B
case0028,case0028_GT,B
case0029,case0029_GT,B
case0030,case0030_GT,B
case0031,case0031_GT,B
case0032,case0032_GT,B
case0033,case0033_GT,B
case0034,case0034_GT,B
case0035,case0035_GT,B
case0036,case0036_GT,B
case0037,case0037_GT,B
case0038,case0038_GT,B
case0039,case0039_GT,B
case0040,case0040_GT,B
case0041,case0041_GT,B
case0042,case0042_GT,B
case0043,case0043_GT,B
case0044,case0044_GT,B
case0045,case0045_GT,B
case0046,case0046_GT,B
case0047,case0047_GT,B
case0048,case0048_GT,B
case0049,case0049_GT,B
case0050,case0050_GT,B
case0051,case0051_GT,B
case0052,case0052_GT,B
case0053,case0053_GT,B
case0054,case0054_GT,B
case0055,case0055_GT,B
case0056,case0056_GT,B
case0057,case0057_GT,B
case0058,case0058_GT,B
case0059,case0059_GT,B
case0060,case0060_GT,B
case0061,case0061_GT,B
case0062,case0062_GT,B
case0063,case0063_GT,B
case0064,case0064_GT,B
case0065,case0065_GT,B
case0066,case0066_GT,B
case0067,case0067_GT,B
case0068,case0068_GT,B
case0069,case0069_GT,B
case0070,case0070_GT,B
case0071,case0071_GT,B
case0072,case0072_GT,B
case0073,case0073_GT,B
case0074,case0074_GT,B
case0075,case0075_GT,B
case0076,case0076_GT,B
case0077,case0077_GT,B
case0078,case0078_GT,B
case0079,case0079_GT,B
case0080,case0080_GT,B
case0081,case0081_GT,B
case0082,case0082_GT,B
case0083,case0083_GT,B
case0084,case0084_GT,B
case0085,case0085_GT,B
case0086,case0086_GT,B
case0087,case0087_GT,B
case0088,case0088_GT,B
case0089,case0089_GT,B
case0090,case0090_GT,B
case0091,case0091_GT,B
case0092,case0092_GT,B
case0093,case0093_GT,B
case0094,case0094_GT,B
case0095,case0095_GT,B
case0096,case0096_GT,B
case0097,case0097_GT,B
case0098,case0098_GT,B
case0099,case0099_GT,B
case0100,case0100_GT,B
case0101,case0101_GT,B
case0102,case0102_GT,B
case0103,case0103_GT,B
case0104,case0104_GT,B
case0105,case0105_GT,B
case0106,case0106_GT,B
case0107,case0107_GT,B
case0108,case0108_GT,B
case0109,case0109_GT,B
case0110,case0110_GT,B
case0111,case0111_GT,B
case0112,case0112_GT,B
case0113,case0113_GT,B
case0114,case0114_GT,B
case0115,case0115_GT,B
case0116,case0116_GT,B
case0117,case0117_GT,B
case0118,case0118_GT,B
case0119,case0119_GT,B
case0120,case0120_GT,B
case0121,case0121_GT,B
case0122,case0122_GT,B
case0123,case0123_GT,B
case0124,case0124_GT,B
case0125,case0125_GT,B
case0126,case0126_GT,B
case0127,case0127_GT,B
case0128,case0128_GT,B
case0129,case0129_GT,B
case0130,case0130_GT,B
case0131,case0131_GT,B
case0132,case0132_GT,M
case0133,case0133_GT,M
case0134,case0134_GT,M
case0135,case0135_GT,M
case0136,case0136_GT,M
case0137,case0137_GT,M
case0138,case0138_GT,M
case0139,case0139_GT,M
case0140,case0140_GT,M
case0141,case0141_GT,M
case0142,case0142_GT,M
case0143,case0143_GT,M
case0144,case0144_GT,M
case0145,case0145_GT,M
case0146,case0146_GT,M
case0147,case0147_GT,M
case0148,case0148_GT,M
case0149,case0149_GT,M
case0150,case0150_GT,M
case0151,case0151_GT,M
case0152,case0152_GT,M
case0153,case0153_GT,M
case0154,case0154_GT,M
case0155,case0155_GT,M
case0156,case0156_GT,M
case0157,case0157_GT,M
case0158,case0158_GT,M
case0159,case0159_GT,M
case0160,case0160_GT,M
case0161,case0161_GT,M
case0162,case0162_GT,M
case0163,case0163_GT,M
case0164,case0164_GT,M
case0165,case0165_GT,M
case0166,case0166_GT,M
case0167,case0167_GT,M
case0168,case0168_GT,M
case0169,case0169_GT,M
case0170,case0170_GT,M
case0171,case0171_GT,M
case0172,case0172_GT,M
case0173,case0173_GT,M
case0174,case0174_GT,M
case0175,case0175_GT,M
case0176,case0176_GT,M
case0177,case0177_GT,M
case0178,case0178_GT,M
case0179,case0179_GT,M
case0180,case0180_GT,M
case0181,case0181_GT,M
case0182,case0182_GT,M
case0183,case0183_GT,M
case0184,case0184_GT,M
case0185,case0185_GT,M
case0186,case0186_GT,M
case0187,case0187_GT,M
case0188,case0188_GT,M
case0189,case0189_GT,M
case0190,case0190_GT,M
case0191,case0191_GT,M
case0192,case0192_GT,M
case0193,case0193_GT,M
case0194,case0194_GT,M
case0195,case0195_GT,M
case0196,case0196_GT,M
case0197,case0197_GT,M
case0198,case0198_GT,M
case0199,case0199_GT,M
case0200,case0200_GT,M
case0201,case0201_GT,M
case0202,case0202_GT,M
case0203,case0203_GT,M
case0204,case0204_GT,M
case0205,case0205_GT,M
case0206,case0206_GT,M
case0207,case0207_GT,M
case0208,case0208_GT,M
case0209,case0209_GT,M
case0210,case0210_GT,M
case0211,case0211_GT,M
case0212,case0212_GT,M
case0213,case0213_GT,M
case0214,case0214_GT,M
case0215,case0215_GT,M
case0216,case0216_GT,M
case0217,case0217_GT,M
case0218,case0218_GT,M
case0219,case0219_GT,M
case0220,case0220_GT,M
case0221,case0221_GT,M
case0222,case0222_GT,M
case0223,case0223_GT,M
case0224,case0224_GT,M
case0225,case0225_GT,M
case0226,case0226_GT,M
case0227,case0227_GT,M
case0228,case0228_GT,M
case0229,case0229_GT,M
case0230,case0230_GT,M
case0231,case0231_GT,M
case0232,case0232_GT,M
case0233,case0233_GT,M
case0234,case0234_GT,M
case0235,case0235_GT,M
case0236,case0236_GT,M
case0237,case0237_GT,M
case0238,case0238_GT,M
case0239,case0239_GT,M
case0240,case0240_GT,M
case0241,case0241_GT,M
case0242,case0242_GT,M
case0243,case0243_GT,M
case0244,case0244_GT,M
case0245,case0245_GT,M
case0246,case0246_GT,M
case0247,case0247_GT,M
case0248,case0248_GT,M
case0249,case0249_GT,M
case0250,case0250_GT,M
case0251,case0251_GT,M
case0252,case0252_GT,M
case0253,case0253_GT,M
case0254,case0254_GT,M
case0255,case0255_GT,M
case0256,case0256_GT,M
case0257,case0257_GT,M
case0258,case0258_GT,M
case0259,case0259_GT,M
case0260,case0260_GT,M
case0261,case0261_GT,M
case0262,case0262_GT,M
case0263,case0263_GT,M
case0264,case0264_GT,M
case0265,case0265_GT,M
case0266,case0266_GT,M
case0267,case0267_GT,M
case0268,case0268_GT,M
case0269,case0269_GT,M
case0270,case0270_GT,M
case0271,case0271_GT,M
case0272,case0272_GT,M
case0273,case0273_GT,B
case0274,case0274_GT,B
case0275,case0275_GT,B
case0276,case0276_GT,B
case0277,case0277_GT,B
case0278,case0278_GT,B
case0279,case0279_GT,B
case0280,case0280_GT,B
case0281,case0281_GT,B
case0282,case0282_GT,B
case0283,case0283_GT,B
case0284,case0284_GT,B
case0285,case0285_GT,B
case0286,case0286_GT,B
case0287,case0287_GT,B
case0288,case0288_GT,B
case0289,case0289_GT,B
case0290,case0290_GT,B
case0291,case0291_GT,B
case0292,case0292_GT,B
case0293,case0293_GT,B
case0294,case0294_GT,B
case0295,case0295_GT,B
case0296,case0296_GT,B
case0297,case0297_GT,B
case0298,case0298_GT,B
case0299,case0299_GT,B
case0300,case0300_GT,B
case0301,case0301_GT,B
case0302,case0302_GT,B
case0303,case0303_GT,B
case0304,case0304_GT,B
case0305,case0305_GT,B
case0306,case0306_GT,B
case0307,case0307_GT,B
case0308,case0308_GT,B
case0309,case0309_GT,B
case0310,case0310_GT,B
case0311,case0311_GT,B
case0312,case0312_GT,B
case0313,case0313_GT,B
case0314,case0314_GT,B
case0315,case0315_GT,B
case0316,case0316_GT,B
case0317,case0317_GT,B
case0318,case0318_GT,B
case0319,case0319_GT,B
case0320,case0320_GT,B
case0321,case0321_GT,M
case0322,case0322_GT,M
case0323,case0323_GT,M
case0324,case0324_GT,M
case0325,case0325_GT,M
case0326,case0326_GT,M
case0327,case0327_GT,M
case0328,case0328_GT,M
case0329,case0329_GT,M
case0330,case0330_GT,M
case0331,case0331_GT,M
case0332,case0332_GT,M
case0333,case0333_GT,M
case0334,case0334_GT,M
case0335,case0335_GT,M
case0336,case0336_GT,M
case0337,case0337_GT,M
case0338,case0338_GT,B
case0339,case0339_GT,B
case0340,case0340_GT,B
case0341,case0341_GT,B
case0342,case0342_GT,B
case0343,case0343_GT,B
case0344,case0344_GT,B
case0345,case0345_GT,B
case0346,case0346_GT,B
case0347,case0347_GT,B
case0348,case0348_GT,B
case0349,case0349_GT,B
case0350,case0350_GT,B
case0351,case0351_GT,B
case0352,case0352_GT,B
case0353,case0353_GT,B
case0354,case0354_GT,B
case0355,case0355_GT,B
case0356,case0356_GT,B
case0357,case0357_GT,B
case0358,case0358_GT,B
case0359,case0359_GT,B
case0360,case0360_GT,B
case0361,case0361_GT,B
case0362,case0362_GT,B
case0363,case0363_GT,B
case0364,case0364_GT,B
case0365,case0365_GT,B
case0366,case0366_GT,B
case0367,case0367_GT,B
case0368,case0368_GT,B
case0369,case0369_GT,B
case0370,case0370_GT,B
case0371,case0371_GT,B
case0372,case0372_GT,B
case0373,case0373_GT,B
case0374,case0374_GT,B
case0375,case0375_GT,B
case0376,case0376_GT,B
case0377,case0377_GT,M
case0378,case0378_GT,M
case0379,case0379_GT,M
case0380,case0380_GT,M
case0381,case0381_GT,M
case0382,case0382_GT,M
case0383,case0383_GT,M
case0384,case0384_GT,M
case0385,case0385_GT,M
case0386,case0386_GT,M
case0387,case0387_GT,M
case0388,case0388_GT,M
case0389,case0389_GT,M
case0390,case0390_GT,M
case0391,case0391_GT,M
case0392,case0392_GT,M
case0393,case0393_GT,M
case0394,case0394_GT,M
case0395,case0395_GT,M
case0396,case0396_GT,M
case0397,case0397_GT,M
case0398,case0398_GT,M
case0399,case0399_GT,M
case0400,case0400_GT,M
case0401,case0401_GT,M
case0402,case0402_GT,B
case0403,case0403_GT,B
case0404,case0404_GT,M
case0405,case0405_GT,M
case0406,case0406_GT,B
case0407,case0407_GT,M
case0408,case0408_GT,B
case0409,case0409_GT,M
case0410,case0410_GT,M
case0411,case0411_GT,M
case0412,case0412_GT,B
case0413,case0413_GT,B
case0414,case0414_GT,B
case0415,case0415_GT,M
case0416,case0416_GT,M
case0417,case0417_GT,B
case0418,case0418_GT,B
case0419,case0419_GT,M
case0420,case0420_GT,M
case0421,case0421_GT,M
case0422,case0422_GT,B
case0423,case0423_GT,M
case0424,case0424_GT,M
case0425,case0425_GT,M
case0426,case0426_GT,B
case0427,case0427_GT,B
case0428,case0428_GT,B
case0429,case0429_GT,M
case0430,case0430_GT,M
case0431,case0431_GT,M
case0432,case0432_GT,M
case0433,case0433_GT,B
case0434,case0434_GT,M
case0435,case0435_GT,B
case0436,case0436_GT,M
case0437,case0437_GT,M
case0438,case0438_GT,B
case0439,case0439_GT,B
case0440,case0440_GT,M
case0441,case0441_GT,M
case0442,case0442_GT,M
case0443,case0443_GT,B
case0444,case0444_GT,B
case0445,case0445_GT,M
case0446,case0446_GT,M
case0447,case0447_GT,M
case0448,case0448_GT,M
case0449,case0449_GT,M
case0450,case0450_GT,M
case0451,case0451_GT,B
case0452,case0452_GT,M
case0453,case0453_GT,M
case0454,case0454_GT,M
case0455,case0455_GT,B
case0456,case0456_GT,B
case0457,case0457_GT,B
case0458,case0458_GT,B
case0459,case0459_GT,B
case0460,case0460_GT,B
case0461,case0461_GT,M
case0462,case0462_GT,B
case0463,case0463_GT,B
case0464,case0464_GT,M
case0465,case0465_GT,M
case0466,case0466_GT,M
case0467,case0467_GT,M
case0468,case0468_GT,M
case0469,case0469_GT,M
case0470,case0470_GT,M
case0471,case0471_GT,M
case0472,case0472_GT,B
case0473,case0473_GT,M
case0474,case0474_GT,M
case0475,case0475_GT,M
case0476,case0476_GT,M
case0477,case0477_GT,M
case0478,case0478_GT,M
case0479,case0479_GT,B
case0480,case0480_GT,M
case0481,case0481_GT,B
case0482,case0482_GT,B
case0483,case0483_GT,B
case0484,case0484_GT,M
case0485,case0485_GT,M
case0486,case0486_GT,M
case0487,case0487_GT,M
case0488,case0488_GT,M
case0489,case0489_GT,B
case0490,case0490_GT,B
case0491,case0491_GT,M
case0492,case0492_GT,M
case0493,case0493_GT,B
case0494,case0494_GT,B
case0495,case0495_GT,B
case0496,case0496_GT,M
case0497,case0497_GT,M
case0498,case0498_GT,B
case0499,case0499_GT,B
case0500,case0500_GT,B
case0501,case0501_GT,B
case0502,case0502_GT,B
case0503,case0503_GT,B
case0504,case0504_GT,B
case0505,case0505_GT,B
case0506,case0506_GT,B
case0507,case0507_GT,B
case0508,case0508_GT,B
case0509,case0509_GT,B
case0510,case0510_GT,B
case0511,case0511_GT,B
case0512,case0512_GT,B
case0513,case0513_GT,M
case0514,case0514_GT,M
case0515,case0515_GT,M
case0516,case0516_GT,B
case0517,case0517_GT,B
case0518,case0518_GT,B
case0519,case0519_GT,B
case0520,case0520_GT,B
case0521,case0521_GT,B
case0522,case0522_GT,B
case0523,case0523_GT,B
case0524,case0524_GT,B
case0525,case0525_GT,B
case0526,case0526_GT,B
case0527,case0527_GT,B
case0528,case0528_GT,B
case0529,case0529_GT,B
case0530,case0530_GT,B
case0531,case0531_GT,B
case0532,case0532_GT,B
case0533,case0533_GT,B
case0534,case0534_GT,M
case0535,case0535_GT,B
case0536,case0536_GT,B
case0537,case0537_GT,M
case0538,case0538_GT,B
case0539,case0539_GT,B
case0540,case0540_GT,B
case0541,case0541_GT,B
case0542,case0542_GT,B
case0543,case0543_GT,B
case0544,case0544_GT,B
case0545,case0545_GT,B
case0546,case0546_GT,B
case0547,case0547_GT,B
case0548,case0548_GT,B
case0549,case0549_GT,B
case0550,case0550_GT,B
case0551,case0551_GT,B
case0552,case0552_GT,M
case0553,case0553_GT,M
case0554,case0554_GT,M
case0555,case0555_GT,M
case0556,case0556_GT,M
case0557,case0557_GT,M
case0558,case0558_GT,M
case0559,case0559_GT,M
case0560,case0560_GT,M
case0561,case0561_GT,B
case0562,case0562_GT,M
