,img name,tumor types
0,Case-8-U-16-0,1
1,Case-8-U-16-1,1
2,malignant (178),1
3,Case-22-U-33-2,1
4,benign (376),0
5,case0512,0
6,Case-216-U1,0
7,case0532,0
8,benign (121),0
9,000142,1
10,benign (186),0
11,benign (342),0
12,case0188,1
13,case0197,1
14,benign (163),0
15,malignant (115),1
16,malignant (2),1
17,000033,0
18,malignant (62),1
19,case0328,1
20,malignant (126),1
21,benign (220),0
22,11152,1
23,11153,1
24,11155,1
25,malignant (194),1
26,malignant (84),1
27,19576,0
28,19577,0
29,19581,0
30,benign (117),0
31,benign (344),0
32,43301-Afbeelding2,0
33,43300-Afbeelding1,0
34,43302-Afbeelding3,0
35,47536-Afbeelding1,1
36,47537-Afbeelding2,1
37,47542-Afbeelding7,1
38,47543-Afbeelding8,1
39,47545-Afbeelding10,1
40,47538-Afbeelding3,1
41,47539-Afbeelding4,1
42,11906,1
43,11907,1
44,11908,1
45,11909,1
46,11912,1
47,11913,1
48,11914,1
49,11915,1
50,benign (327),0
51,benign (73),0
52,Case-183-U4,0
53,benign (222),0
54,64211-Afbeelding13,1
55,64212-Afbeelding14,1
56,64199-Afbeelding1,1
57,64200-Afbeelding2,1
58,64201-Afbeelding3,1
59,64203-Afbeelding5,1
60,64204-Afbeelding6,1
61,64205-Afbeelding7,1
62,64206-Afbeelding8,1
63,64207-Afbeelding9,1
64,64208-Afbeelding10,1
65,64213-Afbeelding15,1
66,64214-Afbeelding16,1
67,benign (294),0
68,benign (315),0
69,benign (350),0
70,benign (363),0
71,benign (43),0
72,Case-112-U2,1
73,benign (256),0
74,benign (229),0
75,case0428,0
76,malignant (78),1
77,benign (20),0
78,000102,0
79,case0230,1
80,Case-49-U-60-2,1
81,benign (155),0
82,malignant (208),1
83,67560-Afbeelding10,0
84,67551-Afbeelding1,0
85,67552-Afbeelding2,0
86,67553-Afbeelding3,0
87,67554-Afbeelding4,0
88,67559-Afbeelding9,0
89,67561-Afbeelding11,0
90,Case-260-U1,0
91,case0066,0
92,19584,1
93,19585,1
94,benign (135),0
95,case0166,1
96,case0470,1
97,Case-44-U-55-3,1
98,000115,0
99,case0010,0
100,benign (322),0
101,case0211,1
102,000080,0
103,benign (184),0
104,benign (66),0
105,benign (272),0
106,benign (75),0
107,Case-128-U2,1
108,benign (410),0
109,malignant (30),1
110,38168-Afbeelding1,1
111,38169-Afbeelding2,1
112,Case-69-U-81-0,0
113,50553-Afbeelding1,1
114,50554-Afbeelding2,1
115,50557-Afbeelding5,1
116,50558-Afbeelding6,1
117,50555-Afbeelding3,1
118,case0464,1
119,benign (251),0
120,Case-193-U4,0
121,Case-56-U-67-0,0
122,benign (153),0
123,malignant (43),1
124,case0523,0
125,benign (22),0
126,47461-Afbeelding1,0
127,47462-Afbeelding2,0
128,47464-Afbeelding4,0
129,47465-Afbeelding5,0
130,47466-Afbeelding6,0
131,47463-Afbeelding3,0
132,benign (152),0
133,000001,0
134,case0139,1
135,malignant (106),1
136,60173-Afbeelding1,1
137,60174-Afbeelding2,1
138,60175-Afbeelding3,1
139,60176-Afbeelding4,1
140,60179-Afbeelding7,1
141,case0437,1
142,64810-Afbeelding2,1
143,64811-Afbeelding3,1
144,64812-Afbeelding4,1
145,62301-Afbeelding1,0
146,62302-Afbeelding2,0
147,62303-Afbeelding3,0
148,62304-Afbeelding4,0
149,42235-Afbeelding2,1
150,42238-Afbeelding5,1
151,42239-Afbeelding6,1
152,42241-Afbeelding8,1
153,42242-Afbeelding9,1
154,42234-Afbeelding1,1
155,42236-Afbeelding3,1
156,42240-Afbeelding7,1
157,42243-Afbeelding10,1
158,Case-152-U2,1
159,case0185,1
160,Case-39-U-50-1,1
161,benign (409),0
162,malignant (127),1
163,benign (143),0
164,case0246,1
165,case0548,0
166,case0498,0
167,case0277,0
168,case0351,0
169,benign (126),0
170,benign (130),0
171,22733,0
172,22734,0
173,22736,0
174,case0507,0
175,benign (348),0
176,benign (86),0
177,malignant (60),1
178,benign (120),0
179,benign (419),0
180,13654,0
181,13655,0
182,case0038,0
183,Case-131-U2,1
184,5368,0
185,5369,0
186,5370,0
187,5371,0
188,benign (305),0
189,benign (145),0
190,case0146,1
191,malignant (123),1
192,case0229,1
193,51669-Afbeelding1,0
194,51670-Afbeelding2,0
195,Case-118-U2,1
196,case0280,0
197,000078,0
198,000061,0
199,benign (414),0
200,benign (123),0
201,benign (367),0
202,malignant (176),1
203,case0101,0
204,Case-125-U2,1
205,benign (89),0
206,malignant (28),1
207,case0202,1
208,26037,1
209,26039,1
210,26040,1
211,26041,1
212,26042,1
213,case0561,0
214,20605,1
215,20607,1
216,68826-Afbeelding1,1
217,68827-Afbeelding2,1
218,68828-Afbeelding3,1
219,68829-Afbeelding4,1
220,68832-Afbeelding7,1
221,case0308,0
222,5232,0
223,5234,0
224,Case-201-U4,0
225,case0035,0
226,case0515,1
227,malignant (163),1
228,000041,1
229,malignant (124),1
230,case0181,1
231,case0234,1
232,case0297,0
233,malignant (68),1
234,46854-Afbeelding3,1
235,46855-Afbeelding4,1
236,benign (368),0
237,malignant (57),1
238,benign (391),0
239,Case-57-U-68-2,0
240,34809-Afbeelding1,0
241,34810-Afbeelding2,0
242,34811-Afbeelding3,0
243,34812-Afbeelding4,0
244,34813-Afbeelding5,0
245,benign (164),0
246,benign (268),0
247,benign (269),0
248,000038,0
249,case0473,1
250,Case-74-U-86-0,0
251,malignant (143),1
252,case0441,1
253,benign (162),0
254,000064,0
255,000022,0
256,Case-265-U1,0
257,case0098,0
258,53228-Afbeelding2,0
259,53229-Afbeelding3,0
260,53230-Afbeelding4,0
261,53231-Afbeelding5,0
262,53232-Afbeelding6,0
263,53233-Afbeelding7,0
264,53234-Afbeelding8,0
265,53227-Afbeelding1,0
266,case0029,0
267,000072,0
268,benign (346),0
269,case0461,1
270,5924,1
271,5925,1
272,5926,1
273,5928,1
274,5929,1
275,5930,1
276,Case-68-U-80-0,0
277,benign (193),0
278,case0492,1
279,000048,1
280,benign (98),0
281,13850,1
282,13851,1
283,5419,0
284,5420,0
285,5422,0
286,50144-Afbeelding1,0
287,50146-Afbeelding3,0
288,50147-Afbeelding4,0
289,50145-Afbeelding2,0
290,benign (215),0
291,Case-27-U-38-2,1
292,43754-Afbeelding3,1
293,43756-Afbeelding5,1
294,43752-Afbeelding1,1
295,43753-Afbeelding2,1
296,43755-Afbeelding4,1
297,43757-Afbeelding6,1
298,52783-Afbeelding1,0
299,52784-Afbeelding2,0
300,52785-Afbeelding3,0
301,52786-Afbeelding4,0
302,52787-Afbeelding5,0
303,52788-Afbeelding6,0
304,Case-94-U-1,0
305,5492,0
306,case0385,1
307,000295,1
308,5439,0
309,5440,0
310,49614-Afbeelding3,0
311,49615-Afbeelding4,0
312,49617-Afbeelding6,0
313,49619-Afbeelding8,0
314,49618-Afbeelding7,0
315,000051,0
316,benign (206),0
317,benign (243),0
318,malignant (207),1
319,case0365,0
320,benign (183),0
321,case0434,1
322,benign (430),0
323,11134,1
324,11135,1
325,11136,1
326,38174-Afbeelding1,1
327,38175-Afbeelding2,1
328,38176-Afbeelding3,1
329,38177-Afbeelding4,1
330,38178-Afbeelding5,1
331,38179-Afbeelding6,1
332,5526,0
333,5527,0
334,5528,0
335,5529,0
336,61469-Afbeelding1,1
337,61470-Afbeelding2,1
338,61471-Afbeelding3,1
339,61472-Afbeelding4,1
340,case0026,0
341,case0064,0
342,case0006,0
343,benign (413),0
344,000019,0
345,benign (36),0
346,malignant (210),1
347,case0289,0
348,malignant (111),1
349,58322-Afbeelding1,1
350,58323-Afbeelding2,1
351,58324-Afbeelding3,1
352,58325-Afbeelding4,1
353,58326-Afbeelding5,1
354,58328-Afbeelding7,1
355,58329-Afbeelding8,1
356,58330-Afbeelding9,1
357,58331-Afbeelding10,1
358,58333-Afbeelding12,1
359,58327-Afbeelding6,1
360,000010,0
361,benign (338),0
362,benign (415),0
363,case0159,1
364,case0225,1
365,Case-200-U4,0
366,case0299,0
367,Case-82-U-97-0,0
368,benign (60),0
369,case0060,0
370,39281-Afbeelding2,1
371,39282-Afbeelding3,1
372,39283-Afbeelding4,1
373,39280-Afbeelding1,1
374,48988-Afbeelding5,1
375,48989-Afbeelding6,1
376,48990-Afbeelding7,1
377,48991-Afbeelding8,1
378,48992-Afbeelding9,1
379,48993-Afbeelding10,1
380,48994-Afbeelding11,1
381,48995-Afbeelding12,1
382,Case-204-U4,0
383,Case-144-U2,1
384,Case-31-U-42-1,1
385,case0220,1
386,malignant (99),1
387,benign (359),0
388,Case-235-U1,1
389,Case-141-U2,1
390,case0383,1
391,case0313,0
392,Case-23-U-34-1,1
393,benign (279),0
394,case0413,0
395,case0341,0
396,52329-Afbeelding1,1
397,52330-Afbeelding2,1
398,52333-Afbeelding5,1
399,52334-Afbeelding6,1
400,52335-Afbeelding7,1
401,52336-Afbeelding8,1
402,malignant (125),1
403,case0093,0
404,Case-124-U2,1
405,case0372,0
406,case0415,1
407,5471,0
408,5472,0
409,case0510,0
410,60885-Afbeelding1,0
411,60887-Afbeelding3,0
412,60888-Afbeelding4,0
413,malignant (108),1
414,41503-Afbeelding2,0
415,41504-Afbeelding3,0
416,41505-Afbeelding4,0
417,Case-238-U1,0
418,52839-Afbeelding2,1
419,52842-Afbeelding5,1
420,52843-Afbeelding6,1
421,52838-Afbeelding1,1
422,52840-Afbeelding3,1
423,52841-Afbeelding4,1
424,case0128,0
425,case0191,1
426,case0214,1
427,000076,0
428,case0481,0
429,15917,1
430,15918,1
431,15919,1
432,47470-Afbeelding1,0
433,47471-Afbeelding2,0
434,47472-Afbeelding3,0
435,47476-Afbeelding7,0
436,47473-Afbeelding4,0
437,malignant (169),1
438,Case-217-U1,1
439,benign (147),0
440,Case-198-U4,0
441,case0205,1
442,000096,0
443,case0304,0
444,Case-95-U-1,0
445,benign (204),0
446,case0221,1
447,Case-154-U2,1
448,benign (361),0
449,case0476,1
450,benign (393),0
451,50538-Afbeelding1,1
452,50540-Afbeelding3,1
453,50541-Afbeelding4,1
454,50539-Afbeelding2,1
455,50616-Afbeelding1,1
456,50618-Afbeelding3,1
457,50619-Afbeelding4,1
458,50620-Afbeelding5,1
459,50621-Afbeelding6,1
460,50623-Afbeelding8,1
461,52935-Afbeelding1,1
462,52936-Afbeelding2,1
463,52937-Afbeelding3,1
464,Case-146-U2,1
465,case0104,0
466,24484,1
467,24485,1
468,24487,1
469,24488,1
470,24489,1
471,case0446,1
472,benign (230),0
473,Case-140-U2,1
474,26065,1
475,26066,1
476,26067,1
477,26069,1
478,26070,1
479,26072,1
480,52875-Afbeelding1,1
481,52878-Afbeelding4,1
482,52879-Afbeelding5,1
483,52881-Afbeelding7,1
484,52882-Afbeelding8,1
485,52876-Afbeelding2,1
486,52877-Afbeelding3,1
487,5643,0
488,5644,0
489,5645,0
490,case0217,1
491,benign (351),0
492,case0504,0
493,malignant (65),1
494,benign (232),0
495,benign (46),0
496,benign (209),0
497,benign (377),0
498,case0358,0
499,5423,0
500,5424,0
501,case0049,0
502,malignant (164),1
503,42867-Afbeelding1,1
504,42868-Afbeelding2,1
505,42869-Afbeelding3,1
506,42870-Afbeelding4,1
507,000130,0
508,case0559,1
509,malignant (100),1
510,malignant (11),1
511,33300-Afbeelding3,1
512,33301-Afbeelding4,1
513,33298-Afbeelding1,1
514,33299-Afbeelding2,1
515,Case-37-U-48-1,1
516,benign (115),0
517,Case-160-U2,1
518,20969,1
519,20972,1
520,malignant (55),1
521,benign (292),0
522,39408-Afbeelding1,1
523,39412-Afbeelding5,1
524,39409-Afbeelding2,1
525,39410-Afbeelding3,1
526,39411-Afbeelding4,1
527,15330,1
528,15478,1
529,15480,1
530,15481,1
531,15482,1
532,Case-41-U-52-1,1
533,16858,1
534,16859,1
535,16860,1
536,16861,1
537,benign (53),0
538,malignant (191),1
539,case0395,1
540,51678-Afbeelding4,0
541,51679-Afbeelding5,0
542,51680-Afbeelding6,0
543,51681-Afbeelding7,0
544,51115-Afbeelding1,0
545,51116-Afbeelding2,0
546,51117-Afbeelding3,0
547,51118-Afbeelding4,0
548,malignant (196),1
549,benign (248),0
550,case0140,1
551,benign (96),0
552,33289-Afbeelding1,0
553,33290-Afbeelding2,0
554,33291-Afbeelding3,0
555,33292-Afbeelding4,0
556,33293-Afbeelding5,0
557,malignant (35),1
558,000113,0
559,benign (302),0
560,5337,0
561,5338,0
562,5339,0
563,5340,0
564,malignant (12),1
565,malignant (73),1
566,54417-Afbeelding1,1
567,54418-Afbeelding2,1
568,54420-Afbeelding4,1
569,54422-Afbeelding6,1
570,54419-Afbeelding3,1
571,54421-Afbeelding5,1
572,Case-250-U1,0
573,case0514,1
574,case0256,1
575,case0496,1
576,000143,1
577,malignant (189),1
578,malignant (76),1
579,malignant (1),1
580,38565-Afbeelding4,0
581,38562-Afbeelding1,0
582,38563-Afbeelding2,0
583,Case-5-U-10-0,1
584,Case-5-U-10-1,1
585,malignant (31),1
586,Case-256-U1,0
587,case0338,0
588,5530,0
589,5531,0
590,5532,0
591,5533,0
592,5534,0
593,benign (49),0
594,35921-Afbeelding2,0
595,35925-Afbeelding6,0
596,35920-Afbeelding1,0
597,case0542,0
598,18959,0
599,18960,0
600,case0404,1
601,case0499,0
602,benign (90),0
603,benign (139),0
604,case0291,0
605,5611,0
606,5612,0
607,5614,0
608,5615,0
609,5616,0
610,malignant (120),1
611,000117,0
612,benign (109),0
613,15896,0
614,15897,0
615,case0495,0
616,case0330,1
617,41601-Afbeelding2,1
618,41603-Afbeelding4,1
619,41600-Afbeelding1,1
620,41602-Afbeelding3,1
621,71195-Afbeelding1,1
622,71196-Afbeelding2,1
623,71199-Afbeelding5,1
624,71200-Afbeelding6,1
625,71201-Afbeelding7,1
626,71202-Afbeelding8,1
627,malignant (209),1
628,case0524,0
629,case0080,0
630,case0353,0
631,Case-103-U2,1
632,Case-223-U1,1
633,benign (323),0
634,Case-142-U2,1
635,case0184,1
636,24115,1
637,24116,1
638,24117,1
639,24118,1
640,54051-Afbeelding1,1
641,54052-Afbeelding2,1
642,54054-Afbeelding4,1
643,54055-Afbeelding5,1
644,54057-Afbeelding7,1
645,54056-Afbeelding6,1
646,000136,1
647,case0186,1
648,5636,0
649,5637,0
650,5640,0
651,case0215,1
652,54654-Afbeelding1,1
653,54659-Afbeelding6,1
654,54660-Afbeelding7,1
655,54661-Afbeelding8,1
656,54663-Afbeelding10,1
657,54665-Afbeelding12,1
658,54667-Afbeelding14,1
659,54668-Afbeelding15,1
660,54666-Afbeelding13,1
661,benign (56),0
662,malignant (193),1
663,benign (275),0
664,51662-Afbeelding1,0
665,51663-Afbeelding2,0
666,51664-Afbeelding3,0
667,64426-Afbeelding5,1
668,64422-Afbeelding1,1
669,64423-Afbeelding2,1
670,64425-Afbeelding4,1
671,64427-Afbeelding6,1
672,64430-Afbeelding9,1
673,64431-Afbeelding10,1
674,case0260,1
675,benign (34),0
676,Case-19-U-30-0,1
677,benign (159),0
678,Case-171-U4,0
679,case0544,0
680,58508-Afbeelding1,1
681,58509-Afbeelding2,1
682,58510-Afbeelding3,1
683,58511-Afbeelding4,1
684,58513-Afbeelding6,1
685,58514-Afbeelding7,1
686,58516-Afbeelding9,1
687,58520-Afbeelding13,1
688,58512-Afbeelding5,1
689,58515-Afbeelding8,1
690,Case-7-U-14-0,1
691,Case-7-U-97-0,1
692,case0453,1
693,benign (133),0
694,15014,0
695,15015,0
696,15024,0
697,15025,0
698,benign (424),0
699,case0238,1
700,case0279,0
701,Case-2-U-2-1,1
702,Case-2-U-2-2,1
703,Case-2-U-2-3,1
704,000091,0
705,000121,0
706,case0210,1
707,case0121,0
708,case0451,0
709,case0233,1
710,44192-Afbeelding1,1
711,44193-Afbeelding2,1
712,44195-Afbeelding4,1
713,44194-Afbeelding3,1
714,malignant (184),1
715,malignant (147),1
716,case0198,1
717,benign (182),0
718,53631-Afbeelding1,0
719,53632-Afbeelding2,0
720,53633-Afbeelding3,0
721,53635-Afbeelding5,0
722,53636-Afbeelding6,0
723,53634-Afbeelding4,0
724,53638-Afbeelding8,0
725,Case-205-U4,0
726,case0111,0
727,malignant (167),1
728,benign (341),0
729,benign (372),0
730,72254-Afbeelding1,1
731,72259-Afbeelding6,1
732,72262-Afbeelding9,1
733,72263-Afbeelding10,1
734,72258-Afbeelding5,1
735,72266-Afbeelding13,1
736,72267-Afbeelding14,1
737,72265-Afbeelding12,1
738,benign (187),0
739,case0213,1
740,11602,0
741,50595-Afbeelding1,1
742,50596-Afbeelding2,1
743,50597-Afbeelding3,1
744,50598-Afbeelding4,1
745,Case-203-U4,0
746,benign (9),0
747,malignant (197),1
748,Case-28-U-39-1,1
749,35905-Afbeelding1,1
750,35910-Afbeelding4,1
751,35911-Afbeelding5,1
752,35912-Afbeelding6,1
753,35914-Afbeelding8,1
754,35907-Afbeelding2,1
755,35908-Afbeelding3,1
756,35913-Afbeelding7,1
757,40471-Afbeelding1,1
758,40472-Afbeelding2,1
759,40473-Afbeelding3,1
760,40474-Afbeelding4,1
761,000304,1
762,benign (259),0
763,Case-195-U4,0
764,000119,0
765,case0343,0
766,case0505,0
767,12394,0
768,12395,0
769,12396,0
770,12397,0
771,12398,0
772,12399,0
773,12400,0
774,12401,0
775,12402,0
776,12403,0
777,13989,1
778,13990,1
779,14218,1
780,14219,1
781,14220,1
782,14221,1
783,14222,1
784,14223,1
785,14224,1
786,14225,1
787,14226,1
788,14227,1
789,000043,1
790,case0332,1
791,case0150,1
792,case0529,0
793,5600,0
794,5754,1
795,5755,1
796,67184-Afbeelding1,1
797,67185-Afbeelding2,1
798,67186-Afbeelding3,1
799,67187-Afbeelding4,1
800,67188-Afbeelding5,1
801,67189-Afbeelding6,1
802,67190-Afbeelding7,1
803,5376,0
804,5377,0
805,Case-143-U2,1
806,Case-194-U4,0
807,Case-114-U2,1
808,malignant (159),1
809,15708,1
810,15906,1
811,15907,1
812,case0241,1
813,benign (240),0
814,71001-Afbeelding1,0
815,71002-Afbeelding2,0
816,71006-Afbeelding6,0
817,71009-Afbeelding9,0
818,71010-Afbeelding10,0
819,71011-Afbeelding11,0
820,71012-Afbeelding12,0
821,71013-Afbeelding13,0
822,71014-Afbeelding14,0
823,71015-Afbeelding15,0
824,71016-Afbeelding16,0
825,71017-Afbeelding17,0
826,71018-Afbeelding18,0
827,71019-Afbeelding19,0
828,71020-Afbeelding20,0
829,case0318,0
830,4353,0
831,4354,0
832,case0275,0
833,benign (131),0
834,5320,0
835,5321,0
836,5322,0
837,benign (266),0
838,benign (328),0
839,24490,1
840,24492,1
841,24497,1
842,24507,1
843,24508,1
844,24509,1
845,case0541,0
846,15470,0
847,15471,0
848,15474,0
849,15475,0
850,15477,0
851,15467,0
852,malignant (199),1
853,Case-168-U1,0
854,malignant (129),1
855,case0360,0
856,benign (77),0
857,case0303,0
858,Case-264-U1,0
859,benign (406),0
860,5691,1
861,5692,1
862,case0106,0
863,case0180,1
864,18018,0
865,18019,0
866,case0134,1
867,5828,1
868,6795-5827,1
869,5826,1
870,5403,0
871,5404,0
872,5405,0
873,5406,0
874,malignant (50),1
875,case0016,0
876,case0478,1
877,benign (340),0
878,case0345,0
879,Case-197-U4,0
880,benign (325),0
881,malignant (39),1
882,case0501,0
883,Case-134-U2,1
884,benign (354),0
885,case0497,1
886,000044,1
887,5652,0
888,5653,0
889,5654,0
890,5655,0
891,26551,0
892,26552,0
893,26553,0
894,26554,0
895,Case-163-U2,1
896,malignant (63),1
897,benign (262),0
898,68622-Afbeelding1,1
899,68623-Afbeelding2,1
900,68626-Afbeelding5,1
901,68627-Afbeelding6,1
902,case0161,1
903,000075,0
904,case0406,0
905,case0283,0
906,case0520,0
907,000074,0
908,case0288,0
909,Case-43-U-54-2,1
910,malignant (54),1
911,5686,1
912,case0502,0
913,5671,1
914,5672,1
915,case0423,1
916,Case-86-U-97-0,0
917,case0172,1
918,Case-121-U2,1
919,benign (38),0
920,case0312,0
921,benign (369),0
922,benign (382),0
923,Case-156-U2,1
924,benign (95),0
925,benign (254),0
926,benign (157),0
927,case0538,0
928,case0380,1
929,case0187,1
930,benign (69),0
931,43720-Afbeelding1,1
932,43721-Afbeelding2,1
933,43723-Afbeelding4,1
934,43724-Afbeelding5,1
935,43725-Afbeelding6,1
936,Case-99-U-1,0
937,5379,0
938,5380,0
939,case0320,0
940,000306,1
941,000122,0
942,case0052,0
943,benign (188),0
944,malignant (130),1
945,benign (167),0
946,5595,0
947,57513-Afbeelding1,0
948,57514-Afbeelding2,0
949,57516-Afbeelding4,0
950,57515-Afbeelding3,0
951,39166-Afbeelding1,1
952,39167-Afbeelding2,1
953,39168-Afbeelding3,1
954,case0262,1
955,case0090,0
956,benign (104),0
957,case0556,1
958,48936-Afbeelding1,1
959,48937-Afbeelding2,1
960,48938-Afbeelding3,1
961,48940-Afbeelding5,1
962,48942-Afbeelding7,1
963,48947-Afbeelding12,1
964,48939-Afbeelding4,1
965,48941-Afbeelding6,1
966,48943-Afbeelding8,1
967,malignant (22),1
968,case0069,0
969,benign (221),0
970,case0261,1
971,benign (112),0
972,Case-127-U2,1
973,000104,0
974,case0004,0
975,malignant (192),1
976,benign (265),0
977,Case-233-U1,1
978,benign (394),0
979,5445,0
980,5446,0
981,5447,0
982,5448,0
983,5449,0
984,malignant (91),1
985,5591,0
986,5592,0
987,5593,0
988,5594,0
989,000046,1
990,malignant (162),1
991,000098,0
992,62608-Afbeelding1,1
993,62609-Afbeelding2,1
994,62610-Afbeelding3,1
995,62611-Afbeelding4,1
996,62613-Afbeelding6,1
997,62615-Afbeelding8,1
998,62616-Afbeelding9,1
999,case0465,1
1000,54081-Afbeelding1,1
1001,54082-Afbeelding2,1
1002,54083-Afbeelding3,1
1003,54084-Afbeelding4,1
1004,54085-Afbeelding5,1
1005,54086-Afbeelding6,1
1006,54087-Afbeelding7,1
1007,54088-Afbeelding8,1
1008,000296,1
1009,11130,1
1010,11131,1
1011,Case-42-U-53-1,1
1012,5469,0
1013,5470,0
1014,Case-46-U-57-0,1
1015,5441,0
1016,5442,0
1017,5443,0
1018,5444,0
1019,Case-66-U-77-1,0
1020,case0116,0
1021,case0177,1
1022,5518,0
1023,5519,0
1024,malignant (81),1
1025,malignant (151),1
1026,case0324,1
1027,malignant (105),1
1028,41509-Afbeelding1,0
1029,41511-Afbeelding3,0
1030,41510-Afbeelding2,0
1031,41512-Afbeelding4,0
1032,60442-Afbeelding1,1
1033,60443-Afbeelding2,1
1034,60444-Afbeelding3,1
1035,malignant (89),1
1036,000060,0
1037,benign (318),0
1038,000007,0
1039,16256,1
1040,16257,1
1041,16258,1
1042,16259,1
1043,16260,1
1044,case0022,0
1045,64798-Afbeelding1,1
1046,64799-Afbeelding2,1
1047,64800-Afbeelding3,1
1048,benign (196),0
1049,56829-Afbeelding1,1
1050,56830-Afbeelding2,1
1051,56831-Afbeelding3,1
1052,56832-Afbeelding4,1
1053,56834-Afbeelding6,1
1054,56835-Afbeelding7,1
1055,41570-Afbeelding1,1
1056,41571-Afbeelding2,1
1057,41572-Afbeelding3,1
1058,5849,1
1059,5850,1
1060,case0053,0
1061,case0259,1
1062,malignant (200),1
1063,case0462,0
1064,case0469,1
1065,51690-Afbeelding1,1
1066,51691-Afbeelding2,1
1067,51692-Afbeelding3,1
1068,51693-Afbeelding4,1
1069,5353,0
1070,5354,0
1071,benign (170),0
1072,case0251,1
1073,case0033,0
1074,50102-Afbeelding1,1
1075,50103-Afbeelding2,1
1076,50104-Afbeelding3,1
1077,50105-Afbeelding4,1
1078,50107-Afbeelding6,1
1079,50110-Afbeelding9,1
1080,50111-Afbeelding10,1
1081,50112-Afbeelding11,1
1082,50113-Afbeelding12,1
1083,50106-Afbeelding5,1
1084,50108-Afbeelding7,1
1085,50109-Afbeelding8,1
1086,5228,0
1087,5229,0
1088,000116,0
1089,Case-159-U2,1
1090,case0271,1
1091,case0008,0
1092,case0044,0
1093,5621,0
1094,5622,0
1095,benign (132),0
1096,case0368,0
1097,71315-Afbeelding1,0
1098,71319-Afbeelding5,0
1099,71320-Afbeelding6,0
1100,benign (299),0
1101,25132,1
1102,25133,1
1103,25134,1
1104,25135,1
1105,Case-176-U4,0
1106,benign (411),0
1107,Case-191-U4,0
1108,benign (23),0
1109,000050,1
1110,Case-4-U-8-0,1
1111,Case-4-U-8-1,1
1112,benign (203),0
1113,Case-117-U2,1
1114,malignant (8),1
1115,14192,0
1116,case0067,0
1117,Case-96-U-1,0
1118,benign (33),0
1119,Case-90-U-1,0
1120,Case-10-U-20-0,1
1121,Case-10-U-20-1,1
1122,case0426,0
1123,Case-88-U-1,0
1124,39269-Afbeelding1,0
1125,39270-Afbeelding2,0
1126,39271-Afbeelding3,0
1127,39272-Afbeelding4,0
1128,39273-Afbeelding5,0
1129,39274-Afbeelding6,0
1130,39275-Afbeelding7,0
1131,39276-Afbeelding8,0
1132,34790-Afbeelding2,0
1133,34795-Afbeelding5,0
1134,34797-Afbeelding7,0
1135,34798-Afbeelding8,0
1136,34789-Afbeelding1,0
1137,34796-Afbeelding6,0
1138,Case-12-U-23-2,1
1139,5732,1
1140,5733,1
1141,5734,1
1142,5735,1
1143,5736,1
1144,5737,1
1145,benign (40),0
1146,benign (290),0
1147,Case-75-U-87-0,0
1148,case0456,0
1149,benign (74),0
1150,benign (285),0
1151,14241,0
1152,14242,0
1153,14243,0
1154,14244,0
1155,14245,0
1156,malignant (180),1
1157,case0396,1
1158,000123,0
1159,malignant (66),1
1160,case0448,1
1161,malignant (122),1
1162,case0216,1
1163,000301,1
1164,case0138,1
1165,benign (303),0
1166,benign (125),0
1167,Case-158-U2,1
1168,case0506,0
1169,benign (313),0
1170,case0056,0
1171,benign (345),0
1172,case0089,0
1173,51108-Afbeelding1,0
1174,51109-Afbeelding2,0
1175,51110-Afbeelding3,0
1176,51111-Afbeelding4,0
1177,benign (212),0
1178,22059,1
1179,22060,1
1180,22061,1
1181,22058,1
1182,21315,0
1183,21316,0
1184,21317,0
1185,case0375,0
1186,5382,0
1187,benign (16),0
1188,case0272,1
1189,000133,1
1190,malignant (152),1
1191,benign (194),0
1192,benign (48),0
1193,case0335,1
1194,24103,1
1195,24104,1
1196,24106,1
1197,24107,1
1198,24109,1
1199,24110,1
1200,24105,1
1201,24108,1
1202,malignant (201),1
1203,benign (88),0
1204,5245,0
1205,5246,0
1206,benign (119),0
1207,Case-80-U-92-0,0
1208,Case-98-U-1,0
1209,000131,0
1210,malignant (198),1
1211,malignant (158),1
1212,Case-237-U1,0
1213,benign (116),0
1214,11119,0
1215,11120,0
1216,case0282,0
1217,Case-97-U-1,0
1218,benign (146),0
1219,Case-249-U1,0
1220,benign (231),0
1221,case0429,1
1222,33265-Afbeelding1,0
1223,33266-Afbeelding2,0
1224,33267-Afbeelding3,0
1225,case0545,0
1226,benign (114),0
1227,12737,0
1228,12738,0
1229,12739,0
1230,12740,0
1231,12741,0
1232,12743,0
1233,12744,0
1234,47524-Afbeelding3,1
1235,47525-Afbeelding4,1
1236,47526-Afbeelding5,1
1237,23660,0
1238,23661,0
1239,23663,0
1240,Case-50-U-61-0,1
1241,case0455,0
1242,39617-Afbeelding4,0
1243,39618-Afbeelding5,0
1244,39623-Afbeelding10,0
1245,39616-Afbeelding3,0
1246,39619-Afbeelding6,0
1247,4898,0
1248,4899,0
1249,24091,1
1250,24092,1
1251,24093,1
1252,24094,1
1253,24095,1
1254,24096,1
1255,24097,1
1256,Case-64-U-75-1,0
1257,benign (27),0
1258,benign (238),0
1259,benign (255),0
1260,benign (384),0
1261,Case-24-U-35-2,1
1262,malignant (46),1
1263,case0440,1
1264,case0194,1
1265,benign (70),0
1266,Case-234-U1,0
1267,case0284,0
1268,5475,0
1269,5476,0
1270,5477,0
1271,case0084,0
1272,60798-Afbeelding1,1
1273,60799-Afbeelding2,1
1274,60800-Afbeelding3,1
1275,60801-Afbeelding4,1
1276,62170-Afbeelding1,0
1277,62171-Afbeelding2,0
1278,62172-Afbeelding3,0
1279,62173-Afbeelding4,0
1280,62174-Afbeelding5,0
1281,62175-Afbeelding6,0
1282,62176-Afbeelding7,0
1283,62178-Afbeelding9,0
1284,62179-Afbeelding10,0
1285,000135,1
1286,case0430,1
1287,benign (158),0
1288,case0147,1
1289,malignant (79),1
1290,case0124,0
1291,Case-54-U-65-0,0
1292,case0293,0
1293,benign (392),0
1294,malignant (117),1
1295,5241,0
1296,5242,0
1297,5243,0
1298,5244,0
1299,case0537,1
1300,Case-164-U2,1
1301,case0468,1
1302,benign (383),0
1303,case0422,0
1304,malignant (155),1
1305,benign (51),0
1306,case0158,1
1307,Case-79-U-91-0,0
1308,case0436,1
1309,5607,0
1310,5610,0
1311,case0156,1
1312,5489,0
1313,5496,0
1314,5497,0
1315,benign (380),0
1316,case0141,1
1317,case0132,1
1318,61543-Afbeelding7,1
1319,61537-Afbeelding1,1
1320,61538-Afbeelding2,1
1321,61539-Afbeelding3,1
1322,61540-Afbeelding4,1
1323,61541-Afbeelding5,1
1324,61542-Afbeelding6,1
1325,22957,1
1326,22958,1
1327,22959,1
1328,22961,1
1329,22962,1
1330,22963,1
1331,42792-Afbeelding2,0
1332,42795-Afbeelding5,0
1333,42796-Afbeelding6,0
1334,42794-Afbeelding4,0
1335,malignant (88),1
1336,45607-Afbeelding1,1
1337,45608-Afbeelding2,1
1338,45609-Afbeelding3,1
1339,45610-Afbeelding4,1
1340,case0480,1
1341,case0103,0
1342,000105,0
1343,case0486,1
1344,benign (100),0
1345,case0096,0
1346,benign (26),0
1347,5630,0
1348,5631,0
1349,5632,0
1350,48805-Afbeelding1,0
1351,48806-Afbeelding2,0
1352,48807-Afbeelding3,0
1353,48808-Afbeelding4,0
1354,5576,0
1355,5578,0
1356,5580,0
1357,Case-17-U-28-1,1
1358,benign (278),0
1359,Case-40-U-51-0,1
1360,benign (242),0
1361,case0348,0
1362,benign (72),0
1363,case0224,1
1364,Case-215-U1,0
1365,21324,1
1366,21325,1
1367,21328,1
1368,21329,1
1369,malignant (170),1
1370,benign (199),0
1371,19888,0
1372,19889,0
1373,19890,0
1374,case0151,1
1375,Case-1-U-1-1,1
1376,case0420,1
1377,case0207,1
1378,case0043,0
1379,51714-Afbeelding2,1
1380,51717-Afbeelding5,1
1381,51718-Afbeelding6,1
1382,51719-Afbeelding7,1
1383,51720-Afbeelding8,1
1384,51721-Afbeelding9,1
1385,51716-Afbeelding4,1
1386,benign (12),0
1387,case0410,1
1388,case0334,1
1389,case0057,0
1390,malignant (40),1
1391,Case-122-U2,1
1392,case0474,1
1393,benign (253),0
1394,case0203,1
1395,case0400,1
1396,52797-Afbeelding1,0
1397,52798-Afbeelding2,0
1398,52799-Afbeelding3,0
1399,52800-Afbeelding4,0
1400,52802-Afbeelding6,0
1401,52803-Afbeelding7,0
1402,52804-Afbeelding8,0
1403,52806-Afbeelding10,0
1404,52807-Afbeelding11,0
1405,52808-Afbeelding12,0
1406,52801-Afbeelding5,0
1407,52805-Afbeelding9,0
1408,15688,0
1409,15689,0
1410,15904,0
1411,15905,0
1412,case0276,0
1413,malignant (32),1
1414,11123,1
1415,11125,1
1416,Case-60-U-71-1,0
1417,42252-Afbeelding1,1
1418,42253-Afbeelding2,1
1419,42254-Afbeelding3,1
1420,42255-Afbeelding4,1
1421,Case-91-U-1,0
1422,20026,1
1423,20027,1
1424,20028,1
1425,20029,1
1426,Case-246-U1,0
1427,benign (390),0
1428,benign (379),0
1429,Case-190-U4,0
1430,benign (241),0
1431,5586,0
1432,5587,0
1433,5588,0
1434,5589,0
1435,malignant (134),1
1436,benign (226),0
1437,benign (396),0
1438,Case-225-U1,1
1439,case0127,0
1440,5374,0
1441,5375,0
1442,000310,1
1443,Case-207-U4,0
1444,benign (378),0
1445,69058-Afbeelding10,0
1446,69049-Afbeelding1,0
1447,69050-Afbeelding2,0
1448,69052-Afbeelding4,0
1449,69059-Afbeelding11,0
1450,case0526,0
1451,case0322,1
1452,62189-Afbeelding1,1
1453,62190-Afbeelding2,1
1454,62191-Afbeelding3,1
1455,62192-Afbeelding4,1
1456,62198-Afbeelding10,1
1457,62199-Afbeelding11,1
1458,62200-Afbeelding12,1
1459,54437-Afbeelding6,1
1460,54444-Afbeelding13,1
1461,54445-Afbeelding14,1
1462,54446-Afbeelding15,1
1463,54447-Afbeelding16,1
1464,54432-Afbeelding1,1
1465,54433-Afbeelding2,1
1466,54436-Afbeelding5,1
1467,54438-Afbeelding7,1
1468,54439-Afbeelding8,1
1469,55222-Afbeelding2,0
1470,55223-Afbeelding3,0
1471,55224-Afbeelding4,0
1472,55225-Afbeelding5,0
1473,55226-Afbeelding6,0
1474,55227-Afbeelding7,0
1475,55229-Afbeelding9,0
1476,55221-Afbeelding1,0
1477,55228-Afbeelding8,0
1478,Case-59-U-70-0,0
1479,case0018,0
1480,benign (386),0
1481,case0112,0
1482,benign (398),0
1483,case0378,1
1484,benign (54),0
1485,48902-Afbeelding3,1
1486,48908-Afbeelding9,1
1487,48909-Afbeelding10,1
1488,48911-Afbeelding12,1
1489,48916-Afbeelding17,1
1490,48917-Afbeelding18,1
1491,48930-Afbeelding31,1
1492,48932-Afbeelding33,1
1493,48933-Afbeelding34,1
1494,48910-Afbeelding11,1
1495,case0175,1
1496,benign (45),0
1497,case0433,0
1498,48828-Afbeelding1,1
1499,48829-Afbeelding2,1
1500,48830-Afbeelding3,1
1501,48831-Afbeelding4,1
1502,malignant (27),1
1503,000049,1
1504,Case-222-U1,1
1505,benign (403),0
1506,case0009,0
1507,case0243,1
1508,000128,0
1509,Case-87-U2,0
1510,000005,0
1511,case0201,1
1512,benign (320),0
1513,000137,1
1514,case0419,1
1515,case0024,0
1516,benign (397),0
1517,case0287,0
1518,case0408,0
1519,case0142,1
1520,63404-Afbeelding1,1
1521,63405-Afbeelding2,1
1522,Case-9-U-18-1,1
1523,Case-9-U-18-2,1
1524,benign (21),0
1525,39094-Afbeelding1,1
1526,39095-Afbeelding2,1
1527,39097-Afbeelding4,1
1528,39100-Afbeelding7,1
1529,39096-Afbeelding3,1
1530,000111,0
1531,benign (307),0
1532,3698,0
1533,3699,0
1534,3700,0
1535,benign (213),0
1536,case0534,1
1537,benign (276),0
1538,benign (137),0
1539,18061,1
1540,18062,1
1541,18063,1
1542,18064,1
1543,benign (417),0
1544,52953-Afbeelding1,0
1545,52954-Afbeelding2,0
1546,52955-Afbeelding3,0
1547,52956-Afbeelding4,0
1548,52959-Afbeelding7,0
1549,52962-Afbeelding10,0
1550,52965-Afbeelding13,0
1551,52966-Afbeelding14,0
1552,52967-Afbeelding15,0
1553,52968-Afbeelding16,0
1554,case0337,1
1555,benign (423),0
1556,case0305,0
1557,000039,0
1558,42186-Afbeelding2,1
1559,42185-Afbeelding1,1
1560,benign (122),0
1561,malignant (58),1
1562,case0212,1
1563,000144,1
1564,benign (18),0
1565,case0249,1
1566,Case-252-U1,0
1567,benign (124),0
1568,000095,0
1569,15362,1
1570,15485,1
1571,15487,1
1572,15490,1
1573,15491,1
1574,15488,1
1575,000071,0
1576,case0252,1
1577,benign (6),0
1578,Case-67-U-78-0,0
1579,5355,0
1580,5356,0
1581,5357,0
1582,5358,0
1583,5359,0
1584,5360,0
1585,5361,0
1586,5362,0
1587,case0123,0
1588,41623-Afbeelding1,1
1589,41626-Afbeelding4,1
1590,41624-Afbeelding2,1
1591,41625-Afbeelding3,1
1592,41627-Afbeelding5,1
1593,48848-Afbeelding1,1
1594,48849-Afbeelding2,1
1595,48850-Afbeelding3,1
1596,48851-Afbeelding4,1
1597,48852-Afbeelding5,1
1598,48853-Afbeelding6,1
1599,48854-Afbeelding7,1
1600,48855-Afbeelding8,1
1601,case0323,1
1602,000300,1
1603,benign (30),0
1604,case0539,0
1605,benign (429),0
1606,malignant (97),1
1607,benign (151),0
1608,60061-Afbeelding2,1
1609,60060-Afbeelding1,1
1610,60062-Afbeelding3,1
1611,60063-Afbeelding4,1
1612,60064-Afbeelding5,1
1613,60065-Afbeelding6,1
1614,benign (431),0
1615,benign (97),0
1616,case0021,0
1617,malignant (107),1
1618,case0072,0
1619,benign (366),0
1620,000083,0
1621,benign (177),0
1622,benign (401),0
1623,benign (2),0
1624,case0373,0
1625,benign (62),0
1626,case0165,1
1627,case0075,0
1628,case0379,1
1629,case0300,0
1630,malignant (168),1
1631,malignant (161),1
1632,000054,1
1633,case0091,0
1634,benign (210),0
1635,3694,0
1636,3695,0
1637,3696,0
1638,3697,0
1639,66540-Afbeelding1,0
1640,66541-Afbeelding2,0
1641,66542-Afbeelding3,0
1642,case0307,0
1643,case0240,1
1644,Case-130-U2,1
1645,malignant (82),1
1646,case0511,0
1647,benign (15),0
1648,case0170,1
1649,benign (197),0
1650,000299,1
1651,case0206,1
1652,Case-108-U2,1
1653,47555-Afbeelding1,1
1654,47559-Afbeelding5,1
1655,47562-Afbeelding8,1
1656,47560-Afbeelding6,1
1657,47561-Afbeelding7,1
1658,benign (195),0
1659,benign (316),0
1660,000132,1
1661,case0081,0
1662,51161-Afbeelding1,1
1663,51162-Afbeelding2,1
1664,51163-Afbeelding3,1
1665,51164-Afbeelding4,1
1666,51165-Afbeelding5,1
1667,51166-Afbeelding6,1
1668,51167-Afbeelding7,1
1669,51168-Afbeelding8,1
1670,benign (201),0
1671,2879,0
1672,case0431,1
1673,case0427,0
1674,case0227,1
1675,Case-89-U-1,0
1676,malignant (118),1
1677,benign (217),0
1678,malignant (71),1
1679,case0454,1
1680,benign (295),0
1681,malignant (9),1
1682,000309,1
1683,malignant (95),1
1684,case0488,1
1685,Case-173-U4,0
1686,benign (308),0
1687,benign (179),0
1688,5455,0
1689,5456,0
1690,5457,0
1691,case0411,1
1692,11113,0
1693,11114,0
1694,000056,0
1695,case0257,1
1696,case0017,0
1697,benign (141),0
1698,4515,0
1699,4516,0
1700,4517,0
1701,5433,0
1702,5434,0
1703,case0070,0
1704,case0196,1
1705,23677,1
1706,23678,1
1707,23679,1
1708,23680,1
1709,23690,1
1710,23692,1
1711,23676,1
1712,case0120,0
1713,malignant (7),1
1714,21320,0
1715,21321,0
1716,21322,0
1717,47507-Afbeelding1,1
1718,47508-Afbeelding2,1
1719,47509-Afbeelding3,1
1720,47510-Afbeelding4,1
1721,47513-Afbeelding7,1
1722,47514-Afbeelding8,1
1723,47511-Afbeelding5,1
1724,47512-Afbeelding6,1
1725,benign (353),0
1726,malignant (174),1
1727,benign (82),0
1728,Case-185-U4,0
1729,benign (306),0
1730,5522,0
1731,5523,0
1732,5524,0
1733,5525,0
1734,Case-83-U-94-0,0
1735,5875,1
1736,5876,1
1737,5877,1
1738,5878,1
1739,5879,1
1740,5880,1
1741,benign (422),0
1742,malignant (41),1
1743,5920,1
1744,5921,1
1745,5922,1
1746,5923,1
1747,benign (171),0
1748,50090-Afbeelding1,0
1749,50091-Afbeelding2,0
1750,50094-Afbeelding5,0
1751,50095-Afbeelding6,0
1752,50097-Afbeelding8,0
1753,case0135,1
1754,benign (274),0
1755,Case-100-U-1,0
1756,5886,1
1757,5887,1
1758,5888,1
1759,5890,1
1760,5891,1
1761,5892,1
1762,malignant (38),1
1763,51701-Afbeelding1,1
1764,51703-Afbeelding3,1
1765,51702-Afbeelding2,1
1766,case0182,1
1767,case0281,0
1768,malignant (59),1
1769,case0178,1
1770,5793,1
1771,5794,1
1772,5795,1
1773,benign (189),0
1774,case0048,0
1775,33281-Afbeelding3,0
1776,33279-Afbeelding1,0
1777,33280-Afbeelding2,0
1778,5333,0
1779,5334,0
1780,5335,0
1781,5336,0
1782,malignant (144),1
1783,benign (434),0
1784,malignant (44),1
1785,Case-16-U-27-2,1
1786,Case-174-U4,0
1787,56871-Afbeelding1,0
1788,56873-Afbeelding3,0
1789,56875-Afbeelding5,0
1790,56878-Afbeelding8,0
1791,56879-Afbeelding9,0
1792,56880-Afbeelding10,0
1793,56881-Afbeelding11,0
1794,33358-Afbeelding1,1
1795,33359-Afbeelding2,1
1796,33360-Afbeelding3,1
1797,33361-Afbeelding4,1
1798,malignant (104),1
1799,case0543,0
1800,48969-Afbeelding3,1
1801,48970-Afbeelding4,1
1802,48971-Afbeelding5,1
1803,48972-Afbeelding6,1
1804,48973-Afbeelding7,1
1805,48975-Afbeelding9,1
1806,48976-Afbeelding10,1
1807,48977-Afbeelding11,1
1808,48978-Afbeelding12,1
1809,48974-Afbeelding8,1
1810,case0530,0
1811,case0554,1
1812,malignant (150),1
1813,malignant (195),1
1814,benign (298),0
1815,000114,0
1816,case0087,0
1817,malignant (186),1
1818,case0374,0
1819,case0467,1
1820,benign (421),0
1821,5916,1
1822,5917,1
1823,5918,1
1824,malignant (94),1
1825,000030,1
1826,000063,0
1827,40448-Afbeelding1,1
1828,40449-Afbeelding2,1
1829,40451-Afbeelding4,1
1830,40450-Afbeelding3,1
1831,malignant (83),1
1832,Case-53-U-64-1,0
1833,000069,0
1834,benign (355),0
1835,malignant (102),1
1836,Case-274-U1,1
1837,52379-Afbeelding3,1
1838,52380-Afbeelding4,1
1839,52386-Afbeelding10,1
1840,52387-Afbeelding11,1
1841,52388-Afbeelding12,1
1842,52389-Afbeelding13,1
1843,52390-Afbeelding14,1
1844,52391-Afbeelding15,1
1845,52392-Afbeelding16,1
1846,case0555,1
1847,Case-110-U2,1
1848,case0356,0
1849,56324-Afbeelding1,0
1850,56325-Afbeelding2,0
1851,56326-Afbeelding3,0
1852,56330-Afbeelding7,0
1853,56331-Afbeelding8,0
1854,benign (374),0
1855,55852-Afbeelding1,0
1856,55853-Afbeelding2,0
1857,55855-Afbeelding4,0
1858,55859-Afbeelding8,0
1859,55854-Afbeelding3,0
1860,55858-Afbeelding7,0
1861,40460-Afbeelding1,0
1862,40464-Afbeelding5,0
1863,40461-Afbeelding2,0
1864,40465-Afbeelding6,0
1865,40466-Afbeelding7,0
1866,40467-Afbeelding8,0
1867,39110-Afbeelding2,1
1868,39111-Afbeelding3,1
1869,39112-Afbeelding4,1
1870,malignant (29),1
1871,Case-52-U-63-0,0
1872,benign (61),0
1873,benign (335),0
1874,case0152,1
1875,malignant (33),1
1876,benign (282),0
1877,case0105,0
1878,case0005,0
1879,case0443,0
1880,malignant (110),1
1881,benign (160),0
1882,benign (261),0
1883,case0489,0
1884,case0391,1
1885,case0445,1
1886,Case-78-U-90-0,0
1887,39638-Afbeelding1,0
1888,39639-Afbeelding2,0
1889,39640-Afbeelding3,0
1890,39641-Afbeelding4,0
1891,39642-Afbeelding5,0
1892,39644-Afbeelding7,0
1893,39643-Afbeelding6,0
1894,22000,0
1895,22001,0
1896,case0144,1
1897,4900,0
1898,Case-36-U-47-1,1
1899,Case-220-U1,1
1900,case0394,1
1901,48839-Afbeelding1,1
1902,48840-Afbeelding2,1
1903,48841-Afbeelding3,1
1904,48842-Afbeelding4,1
1905,malignant (51),1
1906,benign (286),0
1907,case0390,1
1908,000093,0
1909,malignant (182),1
1910,000106,0
1911,case0460,0
1912,benign (134),0
1913,benign (234),0
1914,000140,1
1915,malignant (133),1
1916,benign (176),0
1917,38393-Afbeelding3,1
1918,38394-Afbeelding4,1
1919,38391-Afbeelding1,1
1920,38392-Afbeelding2,1
1921,case0347,0
1922,malignant (179),1
1923,5493,0
1924,5494,0
1925,41538-Afbeelding1,0
1926,41539-Afbeelding2,0
1927,41540-Afbeelding3,0
1928,41541-Afbeelding4,0
1929,benign (180),0
1930,benign (128),0
1931,5481,0
1932,5482,0
1933,000089,0
1934,case0143,1
1935,Case-26-U-37-1,1
1936,case0384,1
1937,000047,1
1938,Case-77-U-89-0,0
1939,Case-25-U-36-1,1
1940,50586-Afbeelding1,1
1941,50587-Afbeelding2,1
1942,case0519,0
1943,Case-72-U-84-0,0
1944,case0522,0
1945,case0309,0
1946,66906-Afbeelding1,1
1947,66907-Afbeelding2,1
1948,66908-Afbeelding3,1
1949,66910-Afbeelding5,1
1950,malignant (87),1
1951,case0137,1
1952,case0078,0
1953,case0274,0
1954,39421-Afbeelding3,0
1955,39422-Afbeelding4,0
1956,39419-Afbeelding1,0
1957,case0162,1
1958,5304,0
1959,5305,0
1960,case0301,0
1961,case0477,1
1962,malignant (69),1
1963,Case-266-U1,0
1964,benign (296),0
1965,benign (19),0
1966,53661-Afbeelding1,1
1967,53664-Afbeelding4,1
1968,53665-Afbeelding5,1
1969,53662-Afbeelding2,1
1970,53663-Afbeelding3,1
1971,53666-Afbeelding6,1
1972,case0546,0
1973,67569-Afbeelding2,0
1974,67573-Afbeelding6,0
1975,67568-Afbeelding1,0
1976,67570-Afbeelding3,0
1977,67571-Afbeelding4,0
1978,67572-Afbeelding5,0
1979,benign (244),0
1980,case0336,1
1981,Case-13-U-24-1,1
1982,5869,1
1983,5870,1
1984,5871,1
1985,5872,1
1986,5873,1
1987,5874,1
1988,Case-115-U2,1
1989,49643-Afbeelding1,1
1990,49644-Afbeelding2,1
1991,49645-Afbeelding3,1
1992,49648-Afbeelding6,1
1993,49649-Afbeelding7,1
1994,49650-Afbeelding8,1
1995,49651-Afbeelding9,1
1996,49652-Afbeelding10,1
1997,49646-Afbeelding4,1
1998,49647-Afbeelding5,1
1999,malignant (86),1
2000,000127,0
2001,benign (8),0
2002,17222,1
2003,17223,1
2004,benign (168),0
2005,000086,0
2006,malignant (47),1
2007,000129,0
2008,5558,0
2009,5559,0
2010,33371-Afbeelding7,1
2011,33372-Afbeelding8,1
2012,33367-Afbeelding3,1
2013,case0517,0
2014,000012,0
2015,benign (87),0
2016,malignant (141),1
2017,11544,1
2018,11546,1
2019,11547,1
2020,benign (37),0
2021,benign (140),0
2022,benign (58),0
2023,case0125,0
2024,malignant (149),1
2025,50569-Afbeelding1,1
2026,50570-Afbeelding2,1
2027,50571-Afbeelding3,1
2028,malignant (93),1
2029,benign (57),0
2030,38184-Afbeelding1,0
2031,38185-Afbeelding2,0
2032,benign (407),0
2033,case0458,0
2034,malignant (52),1
2035,malignant (177),1
2036,Case-61-U-72-0,0
2037,case0525,0
2038,benign (14),0
2039,benign (381),0
2040,malignant (121),1
2041,case0377,1
2042,50115-Afbeelding1,1
2043,50116-Afbeelding2,1
2044,benign (174),0
2045,5626,0
2046,5627,0
2047,5628,0
2048,5629,0
2049,41578-Afbeelding1,1
2050,41582-Afbeelding5,1
2051,41583-Afbeelding6,1
2052,41579-Afbeelding2,1
2053,41580-Afbeelding3,1
2054,41581-Afbeelding4,1
2055,Case-93-U-1,0
2056,000134,1
2057,61922-Afbeelding3,0
2058,61920-Afbeelding1,0
2059,61921-Afbeelding2,0
2060,benign (239),0
2061,5761,1
2062,benign (343),0
2063,Case-263-U1,0
2064,case0119,0
2065,52288-Afbeelding1,0
2066,52289-Afbeelding2,0
2067,52290-Afbeelding3,0
2068,52292-Afbeelding5,0
2069,52294-Afbeelding7,0
2070,52295-Afbeelding8,0
2071,52299-Afbeelding12,0
2072,52300-Afbeelding13,0
2073,52301-Afbeelding14,0
2074,52296-Afbeelding9,0
2075,52297-Afbeelding10,0
2076,52298-Afbeelding11,0
2077,36319-Afbeelding1,1
2078,36320-Afbeelding2,1
2079,36321-Afbeelding3,1
2080,5543,0
2081,5544,0
2082,5545,0
2083,5546,0
2084,5547,0
2085,52321-Afbeelding1,1
2086,52322-Afbeelding2,1
2087,case0235,1
2088,42809-Afbeelding4,0
2089,42806-Afbeelding1,0
2090,42807-Afbeelding2,0
2091,case0531,0
2092,benign (339),0
2093,Case-15-U-26-1,1
2094,41557-Afbeelding1,0
2095,41558-Afbeelding2,0
2096,41559-Afbeelding3,0
2097,41560-Afbeelding4,0
2098,41563-Afbeelding7,0
2099,41564-Afbeelding8,0
2100,49630-Afbeelding1,1
2101,49631-Afbeelding2,1
2102,49632-Afbeelding3,1
2103,49633-Afbeelding4,1
2104,000023,1
2105,Case-132-U2,1
2106,case0329,1
2107,Case-162-U2,1
2108,66803-Afbeelding1,1
2109,66804-Afbeelding2,1
2110,66808-Afbeelding6,1
2111,43305-Afbeelding1,1
2112,43306-Afbeelding2,1
2113,43308-Afbeelding4,1
2114,benign (219),0
2115,000014,0
2116,44903-Afbeelding1,1
2117,44904-Afbeelding2,1
2118,44905-Afbeelding3,1
2119,000026,0
2120,Case-18-U-29-1,1
2121,case0079,0
2122,benign (357),0
2123,case0092,0
2124,Case-240-U1,0
2125,64440-Afbeelding1,1
2126,64441-Afbeelding2,1
2127,64442-Afbeelding3,1
2128,64444-Afbeelding5,1
2129,Case-32-U-43-2,1
2130,case0208,1
2131,benign (246),0
2132,case0412,0
2133,17736,0
2134,17737,0
2135,case0479,0
2136,38739-Afbeelding1,0
2137,38740-Afbeelding2,0
2138,38743-Afbeelding5,0
2139,38744-Afbeelding6,0
2140,38745-Afbeelding7,0
2141,38746-Afbeelding8,0
2142,38747-Afbeelding9,0
2143,38748-Afbeelding10,0
2144,38749-Afbeelding11,0
2145,38750-Afbeelding12,0
2146,39117-Afbeelding1,1
2147,39119-Afbeelding3,1
2148,39120-Afbeelding4,1
2149,39121-Afbeelding5,1
2150,39122-Afbeelding6,1
2151,39118-Afbeelding2,1
2152,57282-Afbeelding1,0
2153,57284-Afbeelding3,0
2154,57285-Afbeelding4,0
2155,57286-Afbeelding5,0
2156,57289-Afbeelding7,0
2157,57290-Afbeelding8,0
2158,57283-Afbeelding2,0
2159,57287-Afbeelding6,0
2160,benign (287),0
2161,benign (402),0
2162,14634,0
2163,14635,0
2164,000120,0
2165,malignant (75),1
2166,case0247,1
2167,malignant (138),1
2168,case0487,1
2169,58799-Afbeelding5,0
2170,58800-Afbeelding6,0
2171,58801-Afbeelding7,0
2172,58796-Afbeelding2,0
2173,58798-Afbeelding4,0
2174,case0339,0
2175,case0414,0
2176,5648,0
2177,5649,0
2178,5650,0
2179,5651,0
2180,21333,1
2181,21334,1
2182,21335,1
2183,21336,1
2184,Case-45-U-56-0,1
2185,case0176,1
2186,42843-Afbeelding1,0
2187,42844-Afbeelding2,0
2188,42845-Afbeelding3,0
2189,benign (364),0
2190,5466,0
2191,5468,0
2192,benign (107),0
2193,benign (324),0
2194,19209,0
2195,19210,0
2196,19218,0
2197,19219,0
2198,19208,0
2199,000017,0
2200,20973,1
2201,20977,1
2202,20974,1
2203,malignant (146),1
2204,case0013,0
2205,5909,1
2206,5910,1
2207,5911,1
2208,5912,1
2209,case0350,0
2210,5425,0
2211,case0250,1
2212,Case-270-U1,0
2213,case0245,1
2214,benign (200),0
2215,Case-262-U1,0
2216,16247,0
2217,16248,0
2218,16249,0
2219,16250,0
2220,16251,0
2221,case0340,0
2222,benign (420),0
2223,3869,0
2224,3870,0
2225,case0331,1
2226,case0367,0
2227,case0130,0
2228,52400-Afbeelding1,1
2229,52401-Afbeelding2,1
2230,52402-Afbeelding3,1
2231,52403-Afbeelding4,1
2232,benign (249),0
2233,case0361,0
2234,malignant (166),1
2235,case0157,1
2236,000027,1
2237,22048,1
2238,22055,1
2239,Case-228-U1,1
2240,benign (156),0
2241,5330,0
2242,case0242,1
2243,case0164,1
2244,59809-Afbeelding2,0
2245,59810-Afbeelding3,0
2246,59812-Afbeelding5,0
2247,59813-Afbeelding6,0
2248,62292-Afbeelding1,1
2249,62293-Afbeelding2,1
2250,62294-Afbeelding3,1
2251,62295-Afbeelding4,1
2252,62296-Afbeelding5,1
2253,62299-Afbeelding8,1
2254,33270-Afbeelding1,1
2255,33271-Afbeelding2,1
2256,33272-Afbeelding3,1
2257,33273-Afbeelding4,1
2258,benign (258),0
2259,case0292,0
2260,benign (311),0
2261,case0002,0
2262,case0114,0
2263,benign (173),0
2264,case0298,0
2265,case0342,0
2266,benign (67),0
2267,benign (310),0
2268,38189-Afbeelding1,1
2269,38190-Afbeelding2,1
2270,38191-Afbeelding3,1
2271,38193-Afbeelding5,1
2272,malignant (154),1
2273,benign (84),0
2274,5372,0
2275,5373,0
2276,benign (99),0
2277,malignant (20),1
2278,case0388,1
2279,case0037,0
2280,Case-136-U2,1
2281,52307-Afbeelding1,1
2282,52309-Afbeelding3,1
2283,52310-Afbeelding4,1
2284,52308-Afbeelding2,1
2285,case0023,0
2286,12382,0
2287,12383,0
2288,12384,0
2289,12385,0
2290,case0513,1
2291,case0371,0
2292,000082,0
2293,benign (333),0
2294,case0267,1
2295,benign (433),0
2296,benign (432),0
2297,malignant (101),1
2298,55236-Afbeelding1,0
2299,55237-Afbeelding2,0
2300,55238-Afbeelding3,0
2301,case0129,0
2302,case0133,1
2303,case0475,1
2304,5767,1
2305,20020,0
2306,20021,0
2307,20024,0
2308,Case-133-U2,1
2309,benign (17),0
2310,case0552,1
2311,22004,0
2312,22005,0
2313,22006,0
2314,malignant (61),1
2315,case0528,0
2316,case0073,0
2317,benign (223),0
2318,64129-Afbeelding1,0
2319,64132-Afbeelding4,0
2320,64131-Afbeelding3,0
2321,benign (321),0
2322,case0457,0
2323,malignant (67),1
2324,24475,0
2325,24477,0
2326,42218-Afbeelding2,1
2327,case0034,0
2328,5624,0
2329,5625,0
2330,case0074,0
2331,50176-Afbeelding1,1
2332,50180-Afbeelding5,1
2333,50181-Afbeelding6,1
2334,50182-Afbeelding7,1
2335,50178-Afbeelding3,1
2336,50179-Afbeelding4,1
2337,50183-Afbeelding8,1
2338,benign (277),0
2339,malignant (136),1
2340,Case-3-U-5-0,1
2341,Case-3-U-5-2,1
2342,Case-3-U-5-3,1
2343,53241-Afbeelding2,0
2344,53246-Afbeelding7,0
2345,53240-Afbeelding1,0
2346,000302,1
2347,Case-71-U-83-0,0
2348,case0167,1
2349,case0085,0
2350,000084,0
2351,case0393,1
2352,case0113,0
2353,case0435,0
2354,case0100,0
2355,malignant (42),1
2356,benign (65),0
2357,case0346,0
2358,case0485,1
2359,59492-Afbeelding3,1
2360,59493-Afbeelding4,1
2361,Case-210-U1,1
2362,case0083,0
2363,case0095,0
2364,case0237,1
2365,case0065,0
2366,41588-Afbeelding2,1
2367,41590-Afbeelding4,1
2368,41587-Afbeelding1,1
2369,41589-Afbeelding3,1
2370,41591-Afbeelding5,1
2371,41592-Afbeelding6,1
2372,41593-Afbeelding7,1
2373,case0516,0
2374,case0459,0
2375,5479,0
2376,5480,0
2377,case0314,0
2378,000145,1
2379,malignant (18),1
2380,case0333,1
2381,case0407,1
2382,52922-Afbeelding1,1
2383,52923-Afbeelding2,1
2384,case0263,1
2385,benign (400),0
2386,case0452,1
2387,benign (205),0
2388,malignant (21),1
2389,40896-Afbeelding2,1
2390,40895-Afbeelding1,1
2391,Case-192-U4,0
2392,Case-107-U2,1
2393,5729,1
2394,5730,1
2395,5731,1
2396,52906-Afbeelding1,0
2397,52907-Afbeelding2,0
2398,52908-Afbeelding3,0
2399,Case-126-U2,1
2400,malignant (114),1
2401,5384,0
2402,5385,0
2403,case0432,1
2404,case0032,0
2405,Case-187-U4,0
2406,Case-150-U2,1
2407,malignant (153),1
2408,000020,0
2409,malignant (128),1
2410,Case-157-U2,1
2411,malignant (173),1
2412,malignant (5),1
2413,11126,1
2414,11127,1
2415,benign (138),0
2416,malignant (203),1
2417,malignant (77),1
2418,case0040,0
2419,malignant (112),1
2420,000036,0
2421,5893,1
2422,5894,1
2423,benign (3),0
2424,000087,0
2425,000100,0
2426,benign (150),0
2427,000028,1
2428,benign (436),0
2429,case0031,0
2430,benign (425),0
2431,Case-165-U2,1
2432,000037,0
2433,case0392,1
2434,benign (250),0
2435,25679,1
2436,25680,1
2437,34819-Afbeelding2,0
2438,34820-Afbeelding3,0
2439,benign (437),0
2440,case0482,0
2441,Case-35-U-46-1,1
2442,5687,1
2443,5688,1
2444,5689,1
2445,5690,1
2446,Case-199-U4,0
2447,benign (349),0
2448,case0122,0
2449,Case-120-U2,1
2450,benign (32),0
2451,67334-Afbeelding1,1
2452,67335-Afbeelding2,1
2453,67338-Afbeelding5,1
2454,case0269,1
2455,54645-Afbeelding1,0
2456,54646-Afbeelding2,0
2457,case0222,1
2458,5603,0
2459,5604,0
2460,malignant (98),1
2461,benign (365),0
2462,case0268,1
2463,Case-232-U1,1
2464,benign (5),0
2465,51726-Afbeelding1,1
2466,51727-Afbeelding2,1
2467,51728-Afbeelding3,1
2468,51729-Afbeelding4,1
2469,55840-Afbeelding2,0
2470,55844-Afbeelding6,0
2471,55846-Afbeelding8,0
2472,55847-Afbeelding9,0
2473,55843-Afbeelding5,0
2474,55845-Afbeelding7,0
2475,55848-Afbeelding10,0
2476,benign (289),0
2477,benign (408),0
2478,case0472,0
2479,case0416,1
2480,62634-Afbeelding4,0
2481,62631-Afbeelding1,0
2482,62641-Afbeelding9,0
2483,62632-Afbeelding2,0
2484,62645-Afbeelding13,0
2485,62646-Afbeelding14,0
2486,62655-Afbeelding21,0
2487,62656-Afbeelding22,0
2488,62659-Afbeelding24,0
2489,62663-Afbeelding27,0
2490,benign (228),0
2491,case0068,0
2492,Case-70-U-82-0,0
2493,case0444,0
2494,case0232,1
2495,000139,1
2496,40456-Afbeelding2,1
2497,40457-Afbeelding3,1
2498,40455-Afbeelding1,1
2499,40458-Afbeelding4,1
2500,malignant (103),1
2501,000124,0
2502,case0168,1
2503,000009,0
2504,000015,0
2505,41533-Afbeelding1,0
2506,41534-Afbeelding2,0
2507,41535-Afbeelding3,0
2508,41536-Afbeelding4,0
2509,case0218,1
2510,000008,0
2511,13562,1
2512,13563,1
2513,13884,1
2514,13885,1
2515,13886,1
2516,13887,1
2517,13888,1
2518,13889,1
2519,Case-76-U-88-0,0
2520,benign (178),0
